subreddit,location
alberta,Alberta
airdrie,"Airdrie, Alberta"
townofbanff,"Banff, Alberta"
banfflakelouise,"Banff National Park, Alberta"
bonnyville,"Bonnyville, Alberta"
calgary,"Calgary, Alberta"
Carstairs,"Carstairs, Alberta"
CochraneAB,"Cochrane, Alberta"
coldlake,"Cold Lake, Alberta"
Drumheller,"Drumheller, Alberta"
Edmonton,"Edmonton, Alberta"
edsonalberta,"Edson, Alberta"
fortmac,"Fort Mac, Alberta"
fortmcmurrayalberta,"Fort McMurray Alberta, Alberta"
fortmcmurray,"Fort McMurray, Alberta"
FortSaskatchewan,"Fort Saskatchewan, Alberta"
grandeprairie,"Grande Prairie, Alberta"
Hinton,"Hinton, Alberta"
jasper,"Jasper, Alberta"
Lacombe,"Lacombe, Alberta"
lakebonavitsa,"Lake Bonavista, Alberta"
LakeLouise,"Lake Louise, Alberta"
leduc,"Leduc, Alberta"
lethbridge,"Lethbridge, Alberta"
lloydminster,"Lloydminster, Alberta"
medicinehat,"Medicine Hat, Alberta"
Morinville,"Morinville, Alberta"
okotoks,"Okotoks, Alberta"
olds,"Olds, Alberta"
reddeer,"Red Deer, Alberta"
Saddle_Hills_County,"Saddle Hills County, Alberta"
SharpHill,"Sharp Hill, Alberta"
sherwoodpark,"Sherwood Park, Alberta"
SpruceGrove,"Spruce Grove, Alberta"
stalbert,"St. Albert, Alberta"
StonyPlain,"Stony Plain, Alberta"
peacecountry,"The Peace Country, Alberta"
wainwright,"Wainwright, Alberta"
britishcolumbia,British Columbia
beautifulbc,"Beautiful BC, British Columbia"
abbotsford,"Abbotsford, British Columbia"
abbotsfordbc,"Abbotsford BC, British Columbia"
armstrongbc,"Armstrong, British Columbia"
bamfield,"Bamfield, British Columbia"
bralorne,"Bralorne, British Columbia"
brentwoodbay,"Brentwood Bay, British Columbia"
burnaby,"Burnaby, British Columbia"
campbellriver,"Campbell River, British Columbia"
capitalregion,"Capital Region, British Columbia"
Chemainus,"Chemainus, British Columbia"
chilliwack,"Chilliwack, British Columbia"
cloverdale,"Cloverdale, British Columbia"
columbiavalley,"Columbia Valley, British Columbia"
colwood,"Colwood, British Columbia"
comoxvalley,"Comox Valley, British Columbia"
coquitlam,"Coquitlam, British Columbia"
cowichan,"Cowichan Valley, British Columbia"
crestonbc,"Creston, British Columbia"
dawsoncreek,"Dawson Creek, British Columbia"
DeltaBritishColumbia,"Delta, British Columbia"
DeltaBC,"DeltaBC, British Columbia"
DuncanBC,"Duncan, British Columbia"
esquimalt,"Esquimalt, British Columbia"
VillageofField,"Field, British Columbia"
FortStJohn,"Fort St. John, British Columbia"
fraservalley,"Fraser Valley, British Columbia"
GabriolaIsland,"Gabriola Island, British Columbia"
goldenbc,"Golden, British Columbia"
GVRD,"Greater Victoria Regional District, British Columbia"
gulfislands,"Gulf Islands, British Columbia"
QueenCharlotteIslands,"Haida Gwaii, British Columbia"
harrisonhotsprings,"Harrison Hot Springs, British Columbia"
hopebc,"Hope, British Columbia"
invermere,"Invermere, British Columbia"
kamloops,"Kamloops, British Columbia"
kelowna,"Kelowna, British Columbia"
Kitimat,"Kitimat, British Columbia"
kootenays,"Kootenay, British Columbia"
Langford,"Langford, British Columbia"
langley,"Langley, British Columbia"
lantzville,"Lantzville, British Columbia"
lasqueti,"Lasqueti Island, British Columbia"
lillooet,"Lillooet, British Columbia"
Lumby,"Lumby, British Columbia"
mackenzie,"Mackenzie, British Columbia"
mapleridge,"Maple Ridge, British Columbia"
MayneIsland,"Mayne Island, British Columbia"
missionbc,"Mission, British Columbia"
nanaimo,"Nanaimo, British Columbia"
nelsonbc,"Nelson, British Columbia"
newwestminster,"New Westminster, British Columbia"
NorthCoastBC,"North Coast, British Columbia"
northvan,"North Vancouver, British Columbia"
nebc,"Northeastern British Columbia, British Columbia"
NorthWestBC,"Northwest British Columbia, British Columbia"
OakBayBritishColumbia,"Oak Bay, British Columbia"
oceanfalls,"Ocean Falls, British Columbia"
okanagan,"Okanagan, British Columbia"
theOkanagan,"Okanagan BC, British Columbia"
Parksville,"Parksville, British Columbia"
pemberton,"Pemberton, British Columbia"
penticton,"Penticton, British Columbia"
PortCoquitlam,"Port Coquitlam, British Columbia"
PortRenfrew,"Port Renfrew, British Columbia"
PowellRiverBC,"Powell River, British Columbia"
princegeorge,"Prince George, British Columbia"
PrinceRupert,"Prince Rupert, British Columbia"
QualicumBeach,"Qualicum Beach, British Columbia"
Quesnel,"Quesnel, British Columbia"
RichmondBC,"Richmond, British Columbia"
SaanichPeninsula,"Saanich Peninsula, British Columbia"
SalishSea,"Salish Sea, British Columbia"
saltspring,"Salt Spring, British Columbia"
saltspringisland,"Salt Spring Island, British Columbia"
sechelt,"Sechelt, British Columbia"
shawniganlake,"Shawnigan Lake, British Columbia"
SidneyBC,"Sidney, British Columbia"
sooke,"Sooke, British Columbia"
southsurrey,"South Surrey, British Columbia"
south_island,"South Vancouver Island, British Columbia"
squamish,"Squamish, British Columbia"
Summerland,"Summerland, British Columbia"
sunpeaks,"Sun Peaks, British Columbia"
thecoast,"Sunshine Coast, British Columbia"
terracebc,"Terrace, British Columbia"
tofino,"Tofino, British Columbia"
trailbc,"Trail, British Columbia"
tsawwassen,"Tsawwassen, British Columbia"
ucluelet,"Ucluelet, British Columbia"
Valemount,"Valemount, British Columbia"
vancouver,"Vancouver, British Columbia"
vancouverisland,"Vancouver Island, British Columbia"
Vancouver_BC,"VancouverBC, British Columbia"
vernon,"Vernon, British Columbia"
victoriabc,"Victoria, British Columbia"
,"West Kelowna, British Columbia"
westvancouver,"West Vancouver, British Columbia"
whistler,"Whistler, British Columbia"
WhiteRock,"White Rock, British Columbia"
willemien,"Willemien, British Columbia"
williamslake,"Williams Lake, British Columbia"
Windermere,"Windermere, British Columbia"
winfieldbc,"Winfield, British Columbia"
manitoba,Manitoba
manitobacanada,"Manitoba Canada, Manitoba"
brandon,"Brandon, Manitoba"
brandonmanitoba,"Brandon MB, Manitoba"
carberry,"Carberry, Manitoba"
flinflon,"Flin Flon, Manitoba"
souris,"Souris, Manitoba"
SteAnne,"Ste. Anne, Manitoba"
steinbach,"Steinbach, Manitoba"
swanriver,"Swan River, Manitoba"
ThePasMB,"The Pas, Manitoba"
VictoriaBeachMB,"Victoria Beach, Manitoba"
winnipeg,"Winnipeg, Manitoba"
winnipegmanitoba,"Winnipeg Manitoba, Manitoba"
winnipegmb,"Winnipeg MB, Manitoba"
newbrunswickcanada,New Brunswick
Bathurst,"Bathurst, New Brunswick"
Chipman,"Chipman, New Brunswick"
edmundston,"Edmundston, New Brunswick"
fredericton,"Fredericton, New Brunswick"
GrandManan,"Grand Manan, New Brunswick"
Miramichi,"Miramichi, New Brunswick"
moncton,"Moncton, New Brunswick"
Quispamsis,"Quispamsis, New Brunswick"
RiverviewNB,"Riverview, New Brunswick"
Rogersville,"Rogersville, New Brunswick"
Sackville,"Sackville, New Brunswick"
saintjohnnb,"Saint John, New Brunswick"
StMartinsNB,"St. Martins, New Brunswick"
SussexNB,"Sussex, New Brunswick"
newfoundland,Newfoundland
conceptionbaysouth,"Conception Bay South, Newfoundland"
CBNL,"Corner Brook, Newfoundland"
labcity,"Labrador City, Newfoundland"
MountPearl,"Mount Pearl, Newfoundland"
stjohnsnl,"St. John's, Newfoundland"
nwt,Northwest Territories
Inuvik,"Inuvik, Northwest Territories"
yellowknife,"Yellowknife, Northwest Territories"
novascotia,Nova Scotia
New_Scotland,"New Scotland, Nova Scotia"
annapolisvalley,"Annapolis Valley, Nova Scotia"
Antigonish,"Antigonish, Nova Scotia"
capebreton,"Cape Breton Island, Nova Scotia"
dartmouthnovascotia,"Dartmouth, Nova Scotia"
EasternPassage,"Eastern Passage, Nova Scotia"
fairmount,"Fairmount, Nova Scotia"
FallRiverNS,"Fall River, Nova Scotia"
guysborough,"Guysborough, Nova Scotia"
halifax,"Halifax, Nova Scotia"
Chezzetcook,"Head of Chezzetcook, Nova Scotia"
Lunenburg,"Lunenburg, Nova Scotia"
newglasgow,"New Glasgow, Nova Scotia"
pictou,"Pictou, Nova Scotia"
SableIsland,"Sable Island, Nova Scotia"
sackvegas,"Sackville, Nova Scotia"
Truro,"Truro, Nova Scotia"
YarmouthNovaScotia,"Yarmouth, Nova Scotia"
nunavut,Nunavut
AlertCanada,"Alert, Nunavut"
iqaluit,"Iqaluit, Nunavut"
ontario,Ontario
uppercanada,"Upper Canada, Ontario"
Acton,"Acton, Ontario"
addingtonhighlands,"Addington Highlands, Ontario"
algonquinpark,"Algonquin Provincial Park, Ontario"
alliston,"Alliston, Ontario"
allistonontario,"Alliston Ontario, Ontario"
Almonte,"Almonte, Ontario"
Annex,"Annex, Ontario"
Bancroft,"Bancroft, Ontario"
barrie,"Barrie, Ontario"
BarrieOntario,"Barrie ON, Ontario"
belleriver,"Belle River, Ontario"
BellevilleOntario,"Belleville, Ontario"
Binbrook,"Binbrook, Ontario"
bowmanville,"Bowmanville, Ontario"
brampton,"Brampton, Ontario"
brantford,"Brantford, Ontario"
Brockville,"Brockville, Ontario"
burlingtonon,"Burlington ON, Ontario"
cityofburlington,"Burlington, city of, Ontario"
burlingtontario,"Burlington-tario, Ontario"
cambridgeontario,"Cambridge, Ontario"
cambridgeon,"Cambridge ON, Ontario"
carletonplace,"Carleton Place, Ontario"
carlisleontario,"Carlisle, Ontario"
chathamontario,"Chatham, Ontario"
chathamkent,"Chatham-Kent, Ontario"
Cobourg,"Cobourg, Ontario"
constancebay,"Constance Bay, Ontario"
cookstown,"Cookstown, Ontario"
CornwallOnt,"Cornwall, Ontario"
cornwallon,"Cornwall ON, Ontario"
deep_river,"Deep River, Ontario"
DelhiON,"Delhi, Ontario"
donmills,"Don Mills, Ontario"
dorchesterontario,"Dorchester, Ontario"
dryden,"Dryden, Ontario"
Dundas,"Dundas, Ontario"
durham,"Durham Region, Ontario"
espanola,"Espanola, Ontario"
EssexOntario,"Essex, Ontario"
falconbridge,"Falconbridge, Ontario"
fonthill,"Fonthill, Ontario"
fortfrances,"Fort Frances, Ontario"
Frankford,"Frankford, Ontario"
georgetownontario,"Georgetown, Ontario"
goldentriangle,"Golden Triangle, Ontario"
grafton,"Grafton, Ontario"
greybruce,"Grey Bruce, Ontario"
guelph,"Guelph, Ontario"
haldimandnorfolk,"Haldimand & Norfolk County, Ontario"
haltonhills,"Halton Hills, Ontario"
hamilton,"Hamilton, Ontario"
kanata,"Kanata, Ontario"
kawarthalakes,"Kawartha Lakes, Ontario"
Keswick,"Keswick, Ontario"
KingstonOntario,"Kingston, Ontario"
kitchener,"Kitchener, Ontario"
lindsay,"Lindsay, Ontario"
lively,"Lively, Ontario"
londonontario,"London, Ontario"
ldnont,"London ON, Ontario"
LongPoint,"Long Point, Ontario"
lornepark,"Lorne Park, Ontario"
markham,"Markham, Ontario"
meaford,"Meaford, Ontario"
merrickville,"Merrickville, Ontario"
midland_on,"Midland, Ontario"
milton,"Milton, Ontario"
miltonon,"Milton ON, Ontario"
mississauga,"Mississauga, Ontario"
mitchell_ontario,"Mitchell, Ontario"
newmarket,"Newmarket, Ontario"
niagara,"Niagara, Ontario"
niagarafallsontario,"Niagara Falls, Ontario"
notl,"Niagara-on-the-Lake, Ontario"
NorfolkON,"Norfolk, Ontario"
northbay,"North Bay, Ontario"
OakRidges_Ontario,"Oak Ridges, Ontario"
oakville,"Oakville, Ontario"
orangeville,"Orangeville, Ontario"
orillia,"Orillia, Ontario"
Oshawa,"Oshawa, Ontario"
ottawa,"Ottawa, Ontario"
owensound,"Owen Sound, Ontario"
parrysound,"Parry Sound, Ontario"
peterborough,"Peterborough, Ontario"
ptbo,"Peterborough ON, Ontario"
petrolia,"Petrolia, Ontario"
pickering,"Pickering, Ontario"
Picton,"Picton, Ontario"
PortDover,"Port Dover, Ontario"
porthope,"Port Hope, Ontario"
portperry,"Port Perry, Ontario"
PrinceEdwardCounty,"Prince Edward County, Ontario"
quetico,"Quetico Provincial Park, Ontario"
reddittontario,"Redditt, Ontario"
renfrew,"Renfrew, Ontario"
richmondhill,"Richmond Hill, Ontario"
roncesvalles_village,"Roncesvalles Village, Ontario"
russellontario,"Russell, Ontario"
sarnia,"Sarnia, Ontario"
SaultSteMarie,"Sault Sainte Marie, Ontario"
scarborough,"Scarborough, Ontario"
shelburne,"Shelburne, Ontario"
905,"Southern Ontario (905), Ontario"
southwesternontario,"Southwestern Ontario, Ontario"
sprucedale,"Sprucedale, Ontario"
stcatharines,"St. Catharine's, Ontario"
stcatharineson,"St. Catharine's ON, Ontario"
stthomasontario,"St. Thomas, Ontario"
stayner,"Stayner, Ontario"
stratfordontario,"Stratford, Ontario"
strathroy,"Strathroy, Ontario"
sudbury,"Sudbury, Ontario"
thornhill,"Thornhill, Ontario"
thunderbay,"Thunder Bay, Ontario"
tillsonburg,"Tillsonburg, Ontario"
timmins,"Timmins, Ontario"
Tobermory,"Tobermory, Ontario"
toronto,"Toronto, Ontario"
TurkeyPoint,"Turkey Point, Ontario"
VankleekHill,"Vankleek Hill, Ontario"
vaughan,"Vaughan, Ontario"
wasagabeach,"Wasaga Beach, Ontario"
waterloo,"Waterloo, Ontario"
waterlooregion,"Waterloo Region, Ontario"
Welland,"Welland, Ontario"
windsorontario,"Windsor, Ontario"
windsorontariocanada,"Windsor Ontario, Ontario"
woodstockont,"Woodstock, Ontario"
woodstockontario,"Woodstock ON, Ontario"
YarkerOntario,"Yarker, Ontario"
yrkregion,"York Region, Ontario"
pei,Prince Edward Island
charlottetown,"Charlottetown, Prince Edward Island"
summerside,"Summerside, Prince Edward Island"
quebec,Québec
abitibi,"Abitibi-Témiscamingue, Québec"
Armagh,"Armagh, Québec"
Aylmer,"Aylmer, Québec"
Beauce,"Beauce, Québec"
Chateauguay,"Châteauguay, Québec"
Dorval,"Dorval, Québec"
gaspe,"Gaspé, Québec"
Gaspesie,"Gaspésie, Québec"
gatineau,"Gatineau, Québec"
granby,"Granby, Québec"
ilesdelamadeleine,"Îles-de-la-Madeleine, Québec"
Kahnawake,"Kahnawake Mohawk Territory, Québec"
villelasalle,"LaSalle, Québec"
laval,"Laval, Québec"
labelleprovince,"LaBelleProvince, Québec"
longueuil,"Longueuil, Québec"
QuebecLevis,"Lévis, Québec"
matane,"Matane, Québec"
metaquebec,"MetaQuébec, Québec"
mistissini,"Mistissini, Québec"
MontTremblant,"Mont-Tremblant, Québec"
montmagny,"Montmagny, Québec"
montreal,"Montréal, Québec"
NorthHatley,"North Hatley, Québec"
Outaouais,"Outaouais, Québec"
pteclaire,"Pointe-Claire, Québec"
quebeccity,"Quebec City, Québec"
Repentigny,"Repentigny, Québec"
Rimouski,"Rimouski, Québec"
RiveSud,"Rive-Sud (South Shore), Québec"
riviereduloup,"Riviere-du-Loup, Québec"
saguenay,"Saguenay, Québec"
saglac,"Saguenay-Lac-Saint-Jean, Québec"
sthyacinthe,"Saint-Hyacinthe, Québec"
sjsr,"Saint-Jean-sur-Richelieu, Québec"
SaintJerome,"Saint-Jérôme, Québec"
valleyfield,"Salaberry-de-Valleyfield, Québec"
sherbrooke,"Sherbrooke, Québec"
Terrebonne,"Terrebonne, Québec"
ThetfordMines,"Thetford Mines, Québec"
troisrivieres,"Trois-Rivières, Québec"
Verdun,"Verdun, Québec"
victoriaville,"Victoriaville, Québec"
westislandmtl,"West Island, Québec"
saskatchewan,Saskatchewan
delisle,"Delisle, Saskatchewan"
EstevanSK,"Estevan, Saskatchewan"
laclaronge,"Lac La Ronge Provincial Park, Saskatchewan"
laronge,"La Ronge, Saskatchewan"
moosejaw,"Moose Jaw, Saskatchewan"
Prince_Albert,"Prince Albert, Saskatchewan"
princealbertsk,"Prince Albert SK, Saskatchewan"
regina,"Regina, Saskatchewan"
saskatoon,"Saskatoon, Saskatchewan"
weyburn,"Weyburn, Saskatchewan"
yorkton,"Yorkton, Saskatchewan"
yukon,Yukon
Whitehorse,"Whitehorse, Yukon"
alabama,Alabama
Anniston,"Anniston, Alabama"
ArabAlabama,"Arab, Alabama"
auburn,"Auburn, Alabama"
baldwincountyal,"Baldwin County, Alabama"
birmingham,"Birmingham, Alabama"
blountsville,"Blountsville, Alabama"
Calera,"Calera, Alabama"
CalhounCounty,"Calhoun County, Alabama"
Cullman,"Cullman, Alabama"
dothan,"Dothan, Alabama"
DothanAL,"Dothan AL, Alabama"
fairhopeAlabama,"Fairhope, Alabama"
FayetteCounty,"Fayette County, Alabama"
florenceal,"Florence, Alabama"
gadsden,"Gadsden, Alabama"
gordo,"Gordo, Alabama"
greenvilleal,"Greenville, Alabama"
Hartselle,"Hartselle, Alabama"
cityofhoover,"Hoover, Alabama"
HooverAL,"Hoover AL, Alabama"
huntsvillealabama,"Huntsville, Alabama"
JacksonvilleAL,"Jacksonville, Alabama"
Madisonalabama,"Madison, Alabama"
marshallcountyal,"Marshall County, Alabama"
mobileal,"Mobile, Alabama"
montgomery,"Montgomery, Alabama"
mountainbrook,"Mountain Brook, Alabama"
oba,"Orange Beach, Alabama"
OxfordAL,"Oxford, Alabama"
prattville,"Prattville, Alabama"
Ragland,"Ragland, Alabama"
selma,"Selma, Alabama"
shoals,"Shoals, Alabama"
251,"Southwest Alabama (251), Alabama"
SummerdaleAL,"Summerdale, Alabama"
sylacauga,"Sylacauga, Alabama"
talladega,"Talladega, Alabama"
ThomasvilleAL,"Thomasville, Alabama"
Trussville,"Trussville, Alabama"
tuscaloosa,"Tuscaloosa, Alabama"
vestavia,"Vestavia, Alabama"
vestaviahills,"Vestavia Hills, Alabama"
alaska,Alaska
AleutianIslands,"Aleutian Islands, Alaska"
Anchorage,"Anchorage, Alaska"
BarrowAK,"Barrow, Alaska"
BethelAK,"Bethel, Alaska"
Cordova,"Cordova, Alaska"
fairbanks,"Fairbanks, Alaska"
homerAK,"Homer, Alaska"
CosmicHamlet,"Homer Area, Alaska"
juneau,"Juneau, Alaska"
Kenai,"Kenai, Alaska"
KenaiPeninsula,"Kenai Peninsula, Alaska"
ketchikan,"Ketchikan, Alaska"
kodiak,"Kodiak, Alaska"
diomede,"Little Diomede, Alaska"
MatSu,"Matsu Valley, Alaska"
nome,"Nome, Alaska"
PalmerAK,"Palmer, Alaska"
Seward,"Seward, Alaska"
Sitka,"Sitka, Alaska"
skagway,"Skagway, Alaska"
spenardak,"Spenard, Alaska"
sterlingalaska,"Sterling, Alaska"
Talkeetna,"talkeetna, Alaska"
valdez,"Valdez, Alaska"
Wasilla,"Wasilla, Alaska"
arizona,Arizona
ahwatukeeAZ,"Ahwatukee, Arizona"
anthem,"Anthem, Arizona"
avondaleaz,"Avondale, Arizona"
Bagdad,"Bagdad, Arizona"
bisbee,"Bisbee, Arizona"
casagrandearizona,"Casa Grande, Arizona"
cavecreek,"Cave Creek, Arizona"
chandleraz,"Chandler, Arizona"
chinle,"Chinle, Arizona"
cochise,"Cochise County, Arizona"
flagstaff,"Flagstaff, Arizona"
fountainhills,"Fountain Hills, Arizona"
Gilbert,"Gilbert, Arizona"
GilbertArizona,"Gilbert, Arizona"
GlendaleAZ,"Glendale, Arizona"
grandcanyon,"Grand Canyon National Park, Arizona"
GoodyearAZ,"Goodyear, Arizona"
happyjack,"Happy Jack, Arizona"
heberovergaard,"Heber-Overgaard, Arizona"
jeromeaz,"Jerome, Arizona"
kingman,"Kingman, Arizona"
lakehavasucity,"Lake Havasu City, Arizona"
LakeHavasuCityAZ,"Lake Havasu City AZ, Arizona"
LitchfieldPark,"Litchfield Park, Arizona"
Marana,"Marana, Arizona"
maricopa,"Maricopa, Arizona"
mesaaz,"Mesa, Arizona"
mohavecounty,"Mohave County, Arizona"
NewRiver,"New River, Arizona"
Nogales,"Nogales, Arizona"
northphoenix,"North Phoenix, Arizona"
paradisevalley,"Paradise Valley, Arizona"
payson,"Payson, Arizona"
phoenix,"Phoenix, Arizona"
phoenixarizona,"Phoenix Arizona, Arizona"
phoenixaz,"Phoenix AZ, Arizona"
phx,"Phoenix (PHX), Arizona"
prescott,"Prescott, Arizona"
queencreek,"Queen Creek, Arizona"
santanvalley,"San Tan Valley, Arizona"
scottsdale,"Scottsdale, Arizona"
sedona,"Sedona, Arizona"
sierravista,"Sierra Vista, Arizona"
sonoita,"Sonoita, Arizona"
surpriseaz,"Surprise, Arizona"
tempe,"Tempe, Arizona"
Tombstone,"Tombstone, Arizona"
tucson,"Tucson, Arizona"
WestValleyAZ,"West Valley, Arizona"
Wittmann,"Wittmann, Arizona"
yuma,"Yuma, Arizona"
arkansas,Arkansas
naturalstate,"Natural State, Arkansas"
almaarkansas,"Alma, Arkansas"
ashdown,"Ashdown, Arkansas"
Batesville,"Batesville, Arkansas"
bentonarkansas,"Benton, Arkansas"
bentonville,"Bentonville, Arkansas"
buffaloriver,"Buffalo River, Arkansas"
CabotArkansas,"Cabot, Arkansas"
conwayar,"Conway, Arkansas"
eurekasprings,"Eureka Springs, Arkansas"
fayetteville,"Fayetteville, Arkansas"
FayettevilleAr,"Fayetteville AR, Arkansas"
fortsmith,"Fort Smith, Arkansas"
hotsprings,"Hot Springs, Arkansas"
jasperar,"Jasper, Arkansas"
jonesboro,"Jonesboro, Arkansas"
jonesboroar,"Jonesboro AR, Arkansas"
littlerock,"Little Rock, Arkansas"
malvern,"Malvern, Arkansas"
maumelle,"Maumelle, Arkansas"
Mountainhomearkansas,"Mountain Home, Arkansas"
northwestarkansas,"Northwest Arkansas, Arkansas"
NWAReddit,"Northwest Arkansas (NWA), Arkansas"
nwarkansas,"NW Arkansas, Arkansas"
pinebluff,"Pine Bluff, Arkansas"
Subiaco,"Subiaco, Arkansas"
texarkana,"Texarkana, Texas"
Vilonia,"Vilonia, Arkansas"
california,California
northamerica#wiki_northern_california,"Northern, California"
northamerica#wiki_central_california,"Central, California"
northamerica#wiki_southern_california,"Southern, California"
colorado,Colorado
Arvada,"Arvada, Colorado"
Aspen,"Aspen, Colorado"
auroraco,"Aurora, Colorado"
beavercreek,"Beaver Creek, Colorado"
Breckenridge,"Breckenridge, Colorado"
Broomfield,"Broomfield, Colorado"
boulder,"Boulder, Colorado"
castlerock,"Castle Rock, Colorado"
coloradosprings,"Colorado Springs, Colorado"
Cortez,"Cortez, Colorado"
denver,"Denver, Colorado"
MileHighCity,"Denver (MileHighCity), Colorado"
denverwest,"Denver West, Colorado"
durango,"Durango, Colorado"
EagleColorado,"Eagle, Colorado"
eaglecounty,"Eagle County, Colorado"
eaglevail,"Eagle-Vail, Colorado"
EnglewoodLittletonCO,"Englewood-Littleton, Colorado"
ErieCO,"Erie CO, Colorado"
ErieColorado,"Erie, Colorado"
estespark,"Estes Park, Colorado"
fortcollins,"Fort Collins, Colorado"
foco,"Fort Collins (FoCo), Colorado"
fruita,"Fruita, Colorado"
GoldenCO,"Golden, Colorado"
grandjunction,"Grand Junction, Colorado"
grandjunctionco,"Grand Junction CO, Colorado"
grandlake,"Grand Lake, Colorado"
Greeley,"Greeley, Colorado"
greeleyCO,"Greeley CO, Colorado"
gunnison,"Gunnison County, Colorado"
Gypsum,"Gypsum, Colorado"
highlandsranch,"Highlands Ranch, Colorado"
Kremmling,"Kremmling, Colorado"
KremmlingCo,"Kremmling CO, Colorado"
La_Junta,"La Junta, Colorado"
PBville,"Leadville, Colorado"
Littleton,"Littleton, Colorado"
longmont,"Longmont, Colorado"
LouisvilleCO,"Louisville CO, Colorado"
LouisvilleColorado,"Louisville, Colorado"
loveland,"Loveland, Colorado"
lucernecolorado,"Lucerne, Colorado"
lyons,"Lyons, Colorado"
manitousprings,"Manitou Springs, Colorado"
North_Colorado,"North Colorado, Colorado"
NoCo,"Northen Colorado, Colorado"
PeytonColorado,"Peyton, Colorado"
pueblo,"Pueblo, Colorado"
roaringfork,"Roaring Fork, Colorado"
RMNP,"Rocky Mountain National Park, Colorado"
SLV,"San Luis Valley, Colorado"
snowmass,"Snowmass Village, Colorado"
summit,"Summit County, Colorado"
thornton,"Thornton, Colorado"
twn,"Thornton Westminster Northglenn, Colorado"
trinidadco,"Trinidad, Colorado"
vail,"Vail, Colorado"
westerncolorado,"Western Colorado, Colorado"
willametteco,"Willamette, Colorado"
wolfcreek,"Wolf Creek, Colorado"
connecticut,Connecticut
Ansonia,"Ansonia, Connecticut"
bethelct,"Bethel, Connecticut"
BridgeportCT,"Bridgeport, Connecticut"
BroadBrookCT,"Broad Brook, Connecticut"
Danbury,"Danbury, Connecticut"
Easthampton,"East Hampton, Connecticut"
EasternCT,"Eastern Connecticut, Connecticut"
east_haddam,"East Haddam, Connecticut"
EnfieldCT,"Enfield, Connecticut"
fairfield,"Fairfield, Connecticut"
fairfieldcounty,"Fairfield County, Connecticut"
FarmingtonValley,"Farmington Valley, Connecticut"
GlastonburyCT,"Glastonbury, Connecticut"
Greenwich,"Greenwich, Connecticut"
groton,"Groton, Connecticut"
hartford,"Hartford, Connecticut"
litchfieldct,"Litchfield County, Connecticut"
06443,"Madison (06443), Connecticut"
SilkCity,"Manchester, Connecticut"
meridenct,"Meriden, Connecticut"
Milford,"Milford, Connecticut"
milford_CT,"Milford CT, Connecticut"
newbritain,"New Britain, Connecticut"
newhaven,"New Haven, Connecticut"
newlondon,"New London, Connecticut"
Newmilford,"New Milford, Connecticut"
NortheastConnecticut,"Northeast Connecticut, Connecticut"
NortheastCT,"Northeast CT, Connecticut"
norwichct,"Norwich, Connecticut"
PlainfieldConn,"Plainfield, Connecticut"
pointowoods,"Point O' Woods, Connecticut"
oldlymect,"Old Lyme, Connecticut"
oldsaybrook,"Old Saybrook, Connecticut"
reddingct,"Redding, Connecticut"
RockyHill,"Rocky Hill, Connecticut"
sheltonct,"Shelton, Connecticut"
Somers,"Somers, Connecticut"
Southington,"Southington, Connecticut"
Sono,"South Norwalk, Connecticut"
stamfordconn,"Stamford, Connecticut"
StamfordCT,"Stamford CT, Connecticut"
StratfordCT,"Stratford, Connecticut"
TollandCT,"Tolland, Connecticut"
torringtonct,"Torrington, Connecticut"
WaterburyCT,"Waterbury, Connecticut"
WatertownCT,"Watertown, Connecticut"
westhartford,"West Hartford, Connecticut"
WestportCT,"Westport, Connecticut"
wethersfield,"Wethersfield, Connecticut"
WoodburyCT,"Woodbury, Connecticut"
Woodstockct,"Woodstock, Connecticut"
delaware,Delaware
DoverDE,"Dover, Delaware"
newarkde,"Newark, Delaware"
oceanview,"Ocean View, Delaware"
wilmingtonDE,"Wilmington, Delaware"
washingtondc,Washington DC
washington_dc,"Washington_DC, Washington DC"
districtofcolumbia,"District of Columbia, Washington DC"
brookland,"Brookland, Washington DC"
cleveland_park,"Cleveland Park, Washington DC"
towpath,"Chesapeake & Ohio Canal, West Virginia"
MountVernonSquareDC,"Mt. Vernon Square, Washington DC"
MountVernonTriangleDC,"Mt. Vernon Triangle, Washington DC"
nomadc,"NoMa, Washington DC"
petworth,"Petworth, Washington DC"
TakomaDC,"Takoma, Washington DC"
takomapark,"Takoma Park, Maryland"
florida,Florida
annamariaisland,"Anna Maria Island, Florida"
apalachicola,"Apalachicola, Florida"
apopka,"Apopka, Florida"
Auburndale,"Auburndale, Florida"
aventura,"Aventura, Florida"
belleview,"Belleview, Florida"
321,"Brevard County (321), Florida"
bostwick,"Bostwick, Florida"
boyntonbeach,"Boynton Beach, Florida"
bradenton,"Bradenton, Florida"
brandonFL,"Brandon, Florida"
brevardfl,"Brevard County, Florida"
broward,"Broward, Florida"
capecoral,"Cape Coral, Florida"
captiva,"Captiva Island, Florida"
centralflorida,"Central Florida, Florida"
charlottecounty,"Charlotte County, Florida"
citruscountyflorida,"Citrus County, Florida"
clearwaterfl,"Clearwater, Florida"
Clermont,"Clermont, Florida"
ClermontFL,"Clermont FL, Florida"
coconutcreek,"Coconut Creek, Florida"
coconutgrove,"Coconut Grove, Florida"
coralgables,"Coral Gables, Florida"
coralsprings,"Coral Springs, Florida"
crawfordville,"Crawfordville, Florida"
davie,"Davie, Florida"
DaytonaBeach,"Daytona Beach, Florida"
debary,"Debary, Florida"
deerfieldbeach,"Deerfield Beach, Florida"
deland,"DeLand, Florida"
delraybeach,"Delray Beach, Florida"
deltona,"Deltona, Florida"
destin,"Destin, Florida"
DunedinFlorida,"Dunedin, Florida"
dunnellon,"Dunnellon, Florida"
Ellenton,"Ellenton, Florida"
englewoodfl,"Englewood, Florida"
estero,"Estero, Florida"
Everglades,"Everglades National Park, Florida"
fernandinabeach,"Fernandina Beach, Florida"
flaglerbeach,"Flagler Beach, Florida"
floridakeys,"Florida Keys, Florida"
FloridaKeysandKeyWest,"Florida Keys-Key West, Florida"
fortlauderdale,"Fort Lauderdale, Florida"
FortMyers,"Fort Myers, Florida"
FtMyers_FL,"Fort Myers FL, Florida"
fortwaltonbeach,"Fort Walton Beach, Florida"
gnv,"Gainesville, Florida"
panhandlegulfcoast,"Gulf Coast, Florida"
GulfportFL,"Gulfport, Florida"
HernandoCountyFlorida,"Hernando County, Florida"
highlands,"Highlands County, Florida"
HomesteadFL,"Homestead, Florida"
immokalee,"Immokalee, Florida"
jacksonville,"Jacksonville, Florida"
jacksonvillebeach,"Jacksonville Beach, Florida"
JupiterFL,"Jupiter, Florida"
KeyLargo,"Key Largo, Florida"
KeyWest,"Key West, Florida"
kissimmee,"Kissimmee, Florida"
LakeCity,"Lake City, Florida"
lakecityflorida,"Lake City FL, Florida"
lake,"Lake County, Florida"
lakeland,"Lakeland, Florida"
LakeWales,"Lake Wales, Florida"
LakewoodRanch,"Lakewood Ranch, Florida"
lakeworth,"Lake Worth, Florida"
LongwoodFL,"Longwood, Florida"
MarcoIsland,"Marco Island, Florida"
melbourneflorida,"Melbourne, Florida"
melbourneFL,"Melbourne FL, Florida"
merrittisland,"Merritt Island, Florida"
miami,"Miami, Florida"
MiltonFL,"Milton, Florida"
mountdora,"Mt. Dora, Florida"
MyakkaCity,"Myakka City, Florida"
myakkacityFL,"Myakka City FL, Florida"
naples_fl,"Naples, Florida"
NavarreNow,"Navarre, Florida"
Niceville,"Niceville, Florida"
386,"Northern Florida (386), Florida"
NorthFlorida,"North Florida, Florida"
nwfl,"Northwest Florida, Florida"
ocala,"Ocala, Florida"
ocoee,"Ocoee, Florida"
orangepark,"Orange Park, Florida"
407,"Orlando Area (407), Florida"
orlando,"Orlando, Florida"
orlandodisneyarea,"Orlando Disney Area, Florida"
greaterorlando,"Orlando Greater Area, Florida"
OrmondBeachFL,"Ormond Beach, Florida"
palmbeach,"Palm Beach, Florida"
palmcoast,"Palm Coast, Florida"
Palmetto,"Palmetto, Florida"
palmharbor,"Palm Harbor, Florida"
panamacity,"Panama City, Florida"
PCB,"Panama City Beach (PCB), Florida"
panamacitybeach,"Panama City Beach, Florida"
parrish,"Parrish, Florida"
Pasco,"Pasco County, Florida"
pembrokepines,"Pembroke Pines, Florida"
pensacola,"Pensacola, Florida"
pensacolabeach,"Pensacola Beach, Florida"
pinellas,"Pinellas County, Florida"
PlantCity,"Plant City, Florida"
polk,"Polk County, Florida"
863,"Polk County (863), Florida"
pontevedra,"Ponte Vedra, Florida"
portcharlotte,"Port Charlotte, Florida"
portorange,"Port Orange, Florida"
portstjoe,"Port St. Joe, Florida"
portstjohn,"Port St. John, Florida"
PortStLucie,"Port St. Lucie, Florida"
RockledgeFL,"Rockledge, Florida"
Sanford,"Sanford, Florida"
SanfordFL,"Sanford FL, Florida"
sanibel,"Sanibel Island, Florida"
sarasota,"Sarasota, Florida"
sebring,"Sebring, Florida"
springhillfla,"Spring Hill, Florida"
south_florida,"South_Florida, Florida"
southflorida,"South Florida, Florida"
southwalton,"South Walton, Florida"
southwood,"Southwood, Florida"
staugustine,"St. Augustine, Florida"
staugustinebeach,"St. Augustine Beach, Florida"
stjohnscounty,"St. John's County, Florida"
stpetersburgfl,"St. Petersburg, Florida"
swfl,"Southwest Florida, Florida"
SunnyIslesBeach,"Sunny Isles Beach, Florida"
tampa,"Tampa, Florida"
tampabay,"Tampa Bay, Florida"
tallahassee,"Tallahassee, Florida"
tlh,"Tallahassee (TLH), Florida"
tequesta,"Tequesta, Florida"
ThorntonPark,"Thornton Park, Florida"
titusville,"Titusville, Florida"
772,"Treasure Coast (772), Florida"
treasurecoast,"Treasure Coast, Florida"
valrico,"Valrico, Florida"
veniceflorida,"Venice, Florida"
Venice_FL,"Venice FL, Florida"
WellingtonFL,"Wellington, Florida"
WestPalmBeachFl,"West Palm Beach, Florida"
WinterPark,"Winter Park, Florida"
georgia,Georgia
georgiausa,"Georgia USA, Georgia"
acworth,"Acworth, Georgia"
albanyga,"Albany, Georgia"
alpharetta,"Alpharetta, Georgia"
athens,"Athens, Georgia"
atlanta,"Atlanta, Georgia"
Auburn_GA,"Auburn, Georgia"
augusta,"Augusta, Georgia"
barrowcounty,"Barrow County, Georgia"
Brookhaven,"Brookhaven, Georgia"
CamdenGA,"Camden, Georgia"
cantonga,"Canton, Georgia"
carrolltongeorgia,"Carrollton, Georgia"
cartersville,"Cartersville, Georgia"
cherokeecountyga,"Cherokee County, Georgia"
CobbCounty,"Cobb County, Georgia"
Cochran,"Cochran, Georgia"
columbiacounty,"Columbia County, Georgia"
columbusga,"Columbus, Georgia"
conyers,"Conyers, Georgia"
cumming,"Cumming, Georgia"
CummingGA,"Cumming GA, Georgia"
dacula,"Dacula, Georgia"
dahlonega,"Dahlonega, Georgia"
daltonga,"Dalton, Georgia"
Dawsonville,"Dawsonville, Georgia"
decaturga,"Decatur, Georgia"
dvillega,"Douglasville, Georgia"
dublinGA,"Dublin, Georgia"
DuluthGA,"Duluth, Georgia"
Dunwoody,"Dunwoody, Georgia"
snobbery,"East Cobb County, Georgia"
eastpoint,"East Point, Georgia"
Ellijay,"Ellijay, Georgia"
fayco,"Fayette County, Georgia"
FalconCrest,"Falcon Crest, Georgia"
flowerybranch,"Flowery Branch, Georgia"
forsyth,"Forsyth County, Georgia"
franklincountyga,"Franklin County, Georgia"
grovetown,"Grovetown, Georgia"
gwinnett,"Gwinnett County, Georgia"
Henrycounty,"Henry County, Georgia"
HinesvilleGA,"Hinesville, Georgia"
hollyspringsga,"Holly Springs, Georgia"
jasperga,"Jasper, Georgia"
jekyllisland,"Jekyll Island, Georgia"
johnscreek,"Johns Creek, Georgia"
kennesaw,"Kennesaw, Georgia"
lagrange,"La Grange, Georgia"
leesburgga,"Leesburg, Georgia"
lilburn,"Lilburn, Georgia"
ludowici,"Ludowici, Georgia"
mableton,"Mableton, Georgia"
macon,"Macon, Georgia"
maconbibb,"Macon-Bibb County, Georgia"
marietta,"Marietta, Georgia"
mariettaga,"Marietta GA, Georgia"
middlegeorgia,"Middle Georgia, Georgia"
midtownatlanta,"Midtown Atlanta, Georgia"
milledgeville,"Milledgeville, Georgia"
newnan,"Newnan, Georgia"
northgeorgia,"North Georgia, Georgia"
OakwoodGA,"Oakwood, Georgia"
paulding,"Paulding County, Georgia"
rockdale,"Rockdale, Georgia"
RockdaleCounty,"Rockdale County, Georgia"
romega,"Rome, Georgia"
roswell,"Roswell, Georgia"
sandysprings,"Sandy Springs, Georgia"
savannah,"Savannah, Georgia"
smyrna,"Smyrna, Georgia"
SEGANEFL,"Southeast Georgia, Georgia"
SouthGARedditors,"South Georgia, Georgia"
stsimonsisland,"St. Simons Island, Georgia"
statesboro,"Statesboro, Georgia"
stonemtn,"Stone Mountain, Georgia"
summervillega,"Summerville, Georgia"
Toccoa,"Toccoa, Georgia"
ToombsCounty,"Toombs County, Georgia"
valdosta,"Valdosta, Georgia"
waycross,"Waycross, Georgia"
webstercounty,"Webster County, West Virginia"
westgeorgia,"West Georgia, Georgia"
woodstockga,"Woodstock, Georgia"
hawaii,Hawaii
bigisland,"Big Island, Hawaii"
hanamaui,"Hana, Hawaii"
honolulu,"Honolulu, Hawaii"
kailuakona,"Kailua, Hawaii"
kauai,"Kauai, Hawaii"
kona,"Kona, Hawaii"
maui,"Maui, Hawaii"
idaho,Idaho
boise,"Boise, Idaho"
coeurdalene,"Coeur d'Alene, Idaho"
easternidaho,"Eastern Idaho, Idaho"
Gooding,"Gooding, Idaho"
idahofalls,"Idaho Falls, Idaho"
kuna,"Kuna, Idaho"
LewistonID,"Lewiston, Idaho"
McCallIdaho,"McCall, Idaho"
moscowidaho,"Moscow, Idaho"
mountainhomeidaho,"Mountain Home, Idaho"
nampa,"Nampa, Idaho"
northidaho,"North Idaho, Idaho"
pocatello,"Pocatello, Idaho"
rexburg,"Rexburg, Idaho"
Sandpoint,"Sandpoint, Idaho"
SunValley,"Sun Valley, Idaho"
twinfalls,"Twin Falls, Idaho"
illinois,Illinois
albanypark,"Albany Park, Illinois"
AltonNews,"Alton, Illinois"
andersonvillechicago,"Andersonville, Illinois"
ArlingtonHeights,"Arlington Heights, Illinois"
AuroraIL,"Aurora IL, Illinois"
auroraillinois,"Aurora, Illinois"
barringtonil,"Barrington, Illinois"
BartlettIllinois,"Bartlett, Illinois"
Batavia,"Batavia, Illinois"
bellevilleIL,"Belleville, Illinois"
berwyn,"Berwyn, Illinois"
Bethalto,"Bethalto, Illinois"
bloomingtonil,"Bloomington, Illinois"
bloomingtonnormal,"Bloomington-Normal, Illinois"
BuffaloGrove,"Buffalo Grove, Illinois"
CantonIL,"Canton, Illinois"
Carbondale,"Carbondale, Illinois"
Carpentersville,"Carpentersville, Illinois"
carolstream,"Carol Stream, Illinois"
centralillinois,"Central Illinois, Illinois"
Champaign,"Champaign, Illinois"
chambana,"Champaign-Urbana (Chambana), Illinois"
champaignurbana,"Champaign-Urbana, Illinois"
charlestonil,"Charleston, Illinois"
Chatsworth,"Chatsworth, Illinois"
chicago,"Chicago, Illinois"
chicagoland,"Chicago Metro Area, Illinois"
chicagosuburbs,"Chicago Suburbs, Illinois"
NearWestSuburbs,"Chicago Near West Suburbs, Illinois"
southside,"Chicago Southside, Illinois"
WestTown,"Chicago West, Illinois"
Decatur,"Decatur, Illinois"
deerfield,"Deerfield, Illinois"
dekalb,"De Kalb, Illinois"
dekalbarea,"De Kalb Area, Illinois"
desplaines,"Des Plaines, Illinois"
DownersGrove,"Downers Grove, Illinois"
eastpeoria,"East Peoria, Illinois"
edwardsvilleil,"Edwardsville, Illinois"
eville,"Edwardsville (Eville), Illinois"
elgin,"Elgin, Illinois"
elginillinois,"Elgin IL, Illinois"
Elmhurst,"Elmhurst, Illinois"
evanston,"Evanston, Illinois"
evanstonil,"Evanston IL, Illinois"
franklinpark,"Franklin Park, Illinois"
freeport,"Freeport, Illinois"
Galena,"Galena, Illinois"
galesburg,"Galesburg, Illinois"
GeneseoIllinois,"Geneseo, Illinois"
GenevaIL,"Geneva, Illinois"
GraniteCity,"Granite City, Illinois"
grayslake,"Grayslake, Illinois"
Grayslakeillinois,"Grayslake IL, Illinois"
gurnee,"Gurnee, Illinois"
hinsdale,"Hinsdale, Illinois"
homerglen,"Homer Glen, Illinois"
huntley,"Huntley, Illinois"
jolietillinois,"Joliet, Illinois"
SKankakee,"Kankakee County and/or city, Illinois"
lakecounty,"Lake County, Illinois"
lakezurichil,"Lake Zurich, Illinois"
LaSalleCounty,"La Salle County, Illinois"
libertyville,"Libertyville, Illinois"
lombard,"Lombard, Illinois"
lilacvillage,"Lombard (Lilac Village), Illinois"
MacombIL,"Macomb, Illinois"
Makanda,"Makanda, Illinois"
Marengo,"Marengo, Illinois"
McHenry,"McHenry, Illinois"
mchenrycounty,"McHenry County, Illinois"
metroeast,"Metro East, Illinois"
metroeastil,"Metro East IL, Illinois"
MonmouthIL,"Monmouth, Illinois"
mtmorris,"Mt. Morris, Illinois"
Mundelein,"Mundelein, Illinois"
naperville,"Naperville, Illinois"
newbaden,"New Baden, Illinois"
newlenox,"New Lenox, Illinois"
NormalIL,"Normal, Illinois"
northaurora,"North Aurora, Illinois"
northbrook,"Northbrook, Illinois"
NorthCentralIllinois,"North Central Illinois, Illinois"
OakLawn,"Oak Lawn, Illinois"
oakpark,"Oak Park, Illinois"
oakparkil,"Oak Park, Illinois"
orlandpark,"Orland Park, Illinois"
palatine,"Palatine, Illinois"
Parkridge,"Park Ridge, Illinois"
pekinillinois,"Pekin, Illinois"
peoria,"Peoria, Illinois"
peoriaIL,"Peoria IL, Illinois"
Plainfield,"Plainfield, Illinois"
PontiacIllinois,"Pontiac, Illinois"
PortagePark,"Portage Park, Illinois"
quincy,"Quincy, Illinois"
riverforestillinois,"River Forest, Illinois"
rochesteril,"Rochester, Illinois"
rockford,"Rockford, Illinois"
roundlake,"Round Lake, Illinois"
schaumburg,"Schaumburg, Illinois"
618,"Southern Illinois (618), Illinois"
southernillinois,"Southern Illinois, Illinois"
springfieldil,"Springfield, Illinois"
StCharlesIL,"St. Charles, Illinois"
stclairco,"St. Clair County, Illinois"
tuscola,"Tuscola, Illinois"
vernonhills,"Vernon Hills, Illinois"
waukegan,"Waukegan, Illinois"
westernillinois,"Western Illinois, Illinois"
westmontil,"Westmont, Illinois"
Wilmette,"Wilmette, Illinois"
wrigleyville,"Wrigleyville, Illinois"
Yorkville,"Yorkville, Illinois"
indiana,Indiana
AndersonIN,"Anderson, Indiana"
BatesvilleUnited,"Batesville, Indiana"
bloomington,"Bloomington, Indiana"
broadripple,"Broadripple, Indiana"
Carmel,"Carmel, Indiana"
carmelin,"Carmel IN, Indiana"
chesterton,"Chesterton, Indiana"
columbusin,"Columbus IN, Indiana"
columbusindiana,"Columbus, Indiana"
connersville,"Connersville, Indiana"
corydon,"Corydon, Indiana"
CrownPointIndiana,"Crown Point, Indiana"
Elkhart,"Elkhart, Indiana"
evansville,"Evansville, Indiana"
evansvilleindiana,"Evansville IN, Indiana"
Fishers,"Fishers, Indiana"
fortwayne,"Fort Wayne, Indiana"
HuntingtonIN,"Huntington, Indiana"
indianapolis,"Indianapolis, Indiana"
Kendallville,"Kendallville, Indiana"
kokomo,"Kokomo, Indiana"
lafayette,"Lafayette, Indiana"
laporte,"La Porte, Indiana"
Logansport,"Logansport, Indiana"
madtown,"Madison, Indiana"
Marktown,"Marktown, Indiana"
michiana,"Michiana, Indiana"
michigancity,"Michigan City, Indiana"
MichiganCityIndiana,"Michigan City, Indiana"
muncie,"Muncie, Indiana"
newalbany,"New Albany, Indiana"
newamsterdam,"New Amsterdam, Indiana"
TheOtherNewHaven,"New Haven, Indiana"
nwi,"Northwest Indiana (NWI), Indiana"
NorthwestIndiana,"Northwest Indiana, Indiana"
219,"Northwest Indiana (219), Indiana"
newburghin,"Newburgh, Indiana"
owencounty,"Owen County, Indiana"
paoli,"Paoli, Indiana"
richmondindiana,"Richmond, Indiana"
RidgeportIndiana,"Ridgeport, Indiana"
SalemIN,"Salem, Indiana"
southbend,"South Bend, Indiana"
terrehaute,"Terre Haute, Indiana"
valparaiso,"Valparaiso, Indiana"
Vevay,"Vevay, Indiana"
WestfieldIndy,"Westfield, Indiana"
WinonaLake,"Winona Lake, Indiana"
Zionsville,"Zionsville, Indiana"
iowa,Iowa
ames,"Ames, Iowa"
ankeny,"Ankeny, Iowa"
Burlingtoniowa,"Burlington, Iowa"
camanche,"Camanche, Iowa"
cedarfalls,"Cedar Falls, Iowa"
cedarrapids,"Cedar Rapids, Iowa"
clintoniowa,"Clinton, Iowa"
ColfaxIowa,"Colfax, Iowa"
coralville,"Coralville, Iowa"
councilbluffs,"Council Bluffs, Iowa"
decorah,"Decorah, Iowa"
desmoines,"Des Moines, Iowa"
dubuque,"Dubuque, Iowa"
fairfieldiowa,"Fairfield, Iowa"
fortdodge,"Fort Dodge, Iowa"
GlenwoodIowa,"Glenwood, Iowa"
iowacity,"Iowa City, Iowa"
LuVerne,"Lu Verne, Iowa"
maquoketa,"Maquoketa, Iowa"
marioniowa,"Marion, Iowa"
Marshalltown,"Marshalltown, Iowa"
masoncity,"Mason City, Iowa"
north_iowa_reddit,"North Iowa, Iowa"
NorthLiberty,"North Liberty, Iowa"
RuralNWIowa,"Northwest Iowa, Iowa"
okoboji,"Okoboji, Iowa"
OrangeCity,"Orange City, Iowa"
PleasantvilleIA,"Pleasantville, Iowa"
quadcities,"Quad Cities Area, Iowa"
siouxcity,"Sioux City, Iowa"
swi,"Southwest Iowa, Iowa"
spenceriowa,"Spencer, Iowa"
waterlooiowa,"Waterloo, Iowa"
westdesmoines,"West Des Moines, Iowa"
kansas,Kansas
atchison,"Atchison, Kansas"
BaldwinCity,"Baldwin City, Kansas"
baxtersprings,"Baxter Springs, Kansas"
CollegeHill,"College Hill, Kansas"
DerbyKansas,"Derby, Kansas"
DeSotoKS,"De Soto, Kansas"
Emporia,"Emporia, Kansas"
gcks,"Garden City (GCKS), Kansas"
gardencityks,"Garden City KS, Kansas"
GardenCityKansas,"Garden City Kansas, Kansas"
hutchinson,"Hutchinson, Kansas"
JohnsonCounty,"Johnson County, Kansas"
kansascity,"Kansas City, Missouri"
Leavenworth,"Leavenworth, Kansas"
lawrence,"Lawrence, Kansas"
Lenexa,"Lenexa, Kansas"
LouisburgKS,"Louisburg, Kansas"
littleapple,"Manhattan, Kansas"
manhattanks,"Manhattan KS, Kansas"
moundcity,"Mound City, Kansas"
newtonkansas,"Newton, Kansas"
olathe,"Olathe, Kansas"
overlandpark,"Overland Park, Kansas"
prairievillage,"Prairie Village, Kansas"
pvkansas,"Prairie Village KS, Kansas"
republiccountykansas,"Republic County, Kansas"
shawnee,"Shawnee, Kansas"
topeka,"Topeka, Kansas"
wichita,"Wichita, Kansas"
kentucky,Kentucky
ashlandkentucky,"Ashland, Kentucky"
ashlandky,"Ashland KY, Kentucky"
Bardstown,"Bardstown, Kentucky"
BellevueKY,"Bellevue, Kentucky"
bowlinggreen,"Bowling Green, Kentucky"
boylecounty,"Boyle County, Kentucky"
campbellsville,"Campbellsville, Kentucky"
corbinky,"Corbin, Kentucky"
covington,"Covington, Kentucky"
DanvilleKY,"Danville, Kentucky"
easternky,"Eastern Kentucky, Kentucky"
etown,"Elizabethtown, Kentucky"
FlorenceKY,"Florence, Kentucky"
frankfort,"Frankfort, Kentucky"
gallatinky,"Gallatin County, Kentucky"
glasgowky,"Glasgow, Kentucky"
gravescounty,"Graves County, Kentucky"
HarlanKY,"Harlan, Kentucky"
hopkinsville,"Hopkinsville, Kentucky"
hoptflown,"Hopkinsville (Hoptown), Kentucky"
lakecumberland,"Lake Cumberland, Kentucky"
lawrenceburg,"Lawrenceburg, Kentucky"
lexington,"Lexington, Kentucky"
lexingtonhangouts,"Lexington Hangouts, Kentucky"
LexingtonKY,"Lexington KY, Kentucky"
louisville,"Louisville, Kentucky"
maysville,"Maysville, Kentucky"
middlesboroky,"Middlesboroky, Kentucky"
Middlesboro,"Middlesboro, Kentucky"
morehead,"Morehead, Kentucky"
mtsterling,"Mt. Sterling, Kentucky"
newportky,"New Port, Kentucky"
NEKentucky,"North East Kentucky, Kentucky"
northernky,"Northern Kentucky, Kentucky"
nky,"Northern Kentucky (NKY), Kentucky"
Okolona,"Okolona, Kentucky"
olivehill,"Olive Hill, Kentucky"
owensboro,"Owensboro, Kentucky"
OwensboroKY,"Owensboro KY, Kentucky"
paducah,"Paducah, Kentucky"
pikeville,"Pikeville, Kentucky"
pulaskikentucky,"Pulaski County, Kentucky"
redrivergorge,"Red River Gorge, Kentucky"
richmondky,"Richmond, Kentucky"
shelbyky,"Shelbyville, Kentucky"
sladeky,"Slade, Kentucky"
SomersetKY,"Somerset, Kentucky"
westkentucky,"West Kentucky, Kentucky"
winchesterky,"Winchester, Kentucky"
louisiana,Louisiana
acadiana,"Acadiana, Louisiana"
ascensionparish,"Ascension Parish, Louisiana"
batonrouge,"Baton Rouge, Louisiana"
bellechasse,"Belle Chasse, Louisiana"
bogalusa,"Bogalusa, Louisiana"
bossiercity,"Bossier City, Louisiana"
centrallouisiana,"Central Louisiana, Louisiana"
covingtonla,"Covington, Louisiana"
DenhamSprings,"Denham Springs, Louisiana"
Eunice,"Eunice, Louisiana"
gonzales,"Gonzales, Louisiana"
hammond,"Hammond, Louisiana"
houma,"Houma, Louisiana"
jeffersonparish,"Jefferson Parish, Louisiana"
lafayetteLA,"Lafayette, Louisiana"
lakecharles,"Lake Charles, Louisiana"
lakecharleslouisiana,"Lake Charles LA, Louisiana"
metry,"Metairie, Louisiana"
morgancity,"Morgan City, Louisiana"
newiberia,"New Iberia, Louisiana"
neworleans,"New Orleans, Louisiana"
NOLA,"NOLA (New Orleans), Louisiana"
newroads,"New Roads, Louisiana"
northlouisiana,"North Louisiana, Louisiana"
Nela,"Northeast Louisiana, Louisiana"
nwla,"Northwest Louisiana, Louisiana"
plaquemine,"Plaquemine, Louisiana"
ponchatoula,"Ponchatoula, Louisiana"
shreveport,"Shreveport, Louisiana"
stcharlesparish,"St. Charles Parish, Louisiana"
StFrancisville,"St. Francisville, Louisiana"
thibodaux,"Thibodaux, Louisiana"
westmonroe,"West Monroe, Louisiana"
maine,Maine
theothermaine,"Maine, the other, Maine"
Aroostook,"Aroostook County, Maine"
bangorme,"Bangor, Maine"
bronyisland,"Brony Island, Maine"
pryantpond,"Bryant Pond, Maine"
ellsworth,"Ellsworth, Maine"
freeportmaine,"Freeport, Maine"
gorham,"Gorham, Maine"
kennebunk,"Kennebunk, Maine"
lewiston,"Lewiston, Maine"
LewistonAuburn,"Lewiston-Auburn, Maine"
LAMaine,"Lewiston-Auburn (LAMaine), Maine"
OrientME,"Orient, Maine"
PortlandMaine,"Portland, Maine"
portlandme,"Portland ME, Maine"
Waterville,"Waterville, Maine"
maryland,Maryland
annapolis,"Annapolis, Maryland"
annearundelcountymd,"Anne Arundel County, Maryland"
butus,"Arbutus, Maryland"
baltimore,"Baltimore, Maryland"
BelAirMD,"Bel Air, Maryland"
Beltsville,"Beltsville, Maryland"
bethesda,"Bethesda, Maryland"
BeverlyBeach,"Beverly Beach, Maryland"
thebbc,"Breton bay, Maryland"
BrunswickMD,"Brunswick, Maryland"
carrollcounty,"Carroll County, Maryland"
carrollcountymd,"Carroll County MD, Maryland"
Ceciltucky,"Cecil County, Maryland"
charlescounty,"Charles County, Maryland"
chasemd,"Chase, Maryland"
chesapeakebay,"Chesapeake Bay, Virginia"
Cheverly,"Cheverly, Maryland"
columbiamd,"Columbia, Maryland"
crofton_md,"Crofton, Maryland"
cumberland_maryland,"Cumberland, Maryland"
damascusmd,"Damascus, Maryland"
dundalkmd,"Dundalk, Maryland"
easternshoremd,"Eastern Shore, Maryland"
edmonston,"Edmonston, Maryland"
elkton,"Elkton, Maryland"
Emmitsburg,"Emmitsburg, Maryland"
EssexWhat,"Essex, Maryland"
frederickmd,"Frederick, Maryland"
gaithersburg,"Gaithersburg, Maryland"
Glenelg,"Glenelg, Maryland"
hagerstown,"Hagerstown, Maryland"
hampden,"Hampden, Maryland"
HarfordMD,"Harford, Maryland"
harfordcountymd,"Harford County, Maryland"
HowardCountyMD,"Howard County, Maryland"
Joppatowne,"Joppatowne, Maryland"
lansdownemd,"Lansdowne, Maryland"
laurelmd,"Laurel, Maryland"
lusby,"Lusby, Maryland"
Middletownmd,"Middletown, Maryland"
Montgomerycounty,"Montgomery County, Maryland"
montgomerycountymd,"Montgomery County MD, Maryland"
NorthBethesda,"North Bethesda, Maryland"
NoBe,"North Bethesda-White Flint (NoBe), Maryland"
oceancity,"Ocean City, Maryland"
odenton,"Odenton, Maryland"
olney,"Olney, Maryland"
parkville,"Parkville, Maryland"
pasadenamd,"Pasadena, Maryland"
perryhall,"Perryhall, Maryland"
poolesville,"Poolesville, Maryland"
princegeorgescounty,"Prince George's County, Maryland"
QueenAnnesCounty,"Queen Anne's County, Maryland"
Reisterstown,"Reisterstown, Maryland"
Rockville,"Rockville, Maryland"
rockvillemd,"Rockville MD, Maryland"
Scaggsville,"Scaggsville, Maryland"
SilverSpring,"Silver Spring, Maryland"
somd,"South Maryland, Maryland"
stmaryscounty,"St. Mary's County, Maryland"
TalbotCounty,"Talbot County, Maryland"
UrbanaMD,"Urbana, Maryland"
washingtoncountymd,"Washington County, Maryland"
westernmaryland,"Western Maryland, Maryland"
WestminsterMaryland,"Westminster, Maryland"
WheatonMD,"Wheaton, Maryland"
wyeoak,"Wye Oak, Maryland"
massachusetts,Massachusetts
mass,"Mass, Massachusetts"
actonma,"Acton, Massachusetts"
adamsma,"Adams, Massachusetts"
agawam,"Agawam, Massachusetts"
allstonrockcity,"Allston, Massachusetts"
Amesbury,"Amesbury, Massachusetts"
amherst,"Amherst, Massachusetts"
andover,"Andover, Massachusetts"
attleboro,"Attleboro, Massachusetts"
TheBerkshires,"Berkshire County, Massachusetts"
BlackstoneMA,"Blackstone, Massachusetts"
boston,"Boston, Massachusetts"
eastie,"Boston East, Massachusetts"
MetroBoston,"Boston Metro, Massachusetts"
brightonma,"Brighton, Massachusetts"
brookline,"Brookline, Massachusetts"
burlingtonma,"Burlington, Massachusetts"
Camberville,"Camberville, Massachusetts"
cambridgeMA,"Cambridge, Massachusetts"
CambridgeCityHall,"Cambridge City Hall, Massachusetts"
capecod,"Cape Cod, Massachusetts"
Townofcarver,"Carver, Massachusetts"
centralma,"Central Massachusetts, Massachusetts"
central_ma,"Central_Massachusetts, Massachusetts"
ChelseaMA,"Chelsea, Massachusetts"
ChestnutHill,"Chestnut Hill, Massachusetts"
chicopee,"Chicopee, Massachusetts"
cohasset,"Cohasset, Massachusetts"
ConcordMA,"Concord, Massachusetts"
CoolidgeCorner,"Coolidge Corner, Massachusetts"
dedham,"Dedham, Massachusetts"
Dorchester,"Dorchester, Massachusetts"
eastarlington,"East Arlington, Massachusetts"
eastbridgewater,"East Bridgewater, Massachusetts"
EastLongmeadow,"East Longmeadow, Massachusetts"
fallriver,"Fall River, Massachusetts"
framinghamma,"Framingham, Massachusetts"
franklinmass,"Franklin, Massachusetts"
FranklinMA,"Franklin MA, Massachusetts"
georgetownMa,"Georgetown, Massachusetts"
gloucester,"Gloucester, Massachusetts"
GloucesterMA,"Gloucester MA, Massachusetts"
GreatBarrington,"Great Barrington, Massachusetts"
Greenfield,"Greenfield, Massachusetts"
GrotonMA,"Groton, Massachusetts"
groveland,"Groveland, Massachusetts"
holyoke,"Holyoke, Massachusetts"
Hopkunton,"Hopkunton, Massachusetts"
HudsonMA,"Hudson, Massachusetts"
HydeParkMA,"Hyde Park, Massachusetts"
JamaicaPlain,"Jamaica Plain, Massachusetts"
KendallSquare,"Kendall Square, Massachusetts"
LowellMA,"Lowell MA, Massachusetts"
lowellmass,"Lowell Mass, Massachusetts"
lowellmassachusetts,"Lowell Massachusetts, Massachusetts"
Ludlow,"Ludlow, Massachusetts"
LudlowMA,"Ludlow MA, Massachusetts"
LynnMA,"Lynn, Massachusetts"
malden,"Malden, Massachusetts"
mansfieldma,"Mansfield, Massachusetts"
Marblehead,"Marblehead, Massachusetts"
marlborough,"Marlborough, Massachusetts"
RealMarshVegas,"Marshfield, Massachusetts"
marthasvineyard,"Martha's Vineyard, Massachusetts"
Medfield,"Medfield, Massachusetts"
MedfordMass,"Medford, Massachusetts"
medfordma,"Medford MA, Massachusetts"
Methuen,"Methuen, Massachusetts"
metrowest,"Metro West, Massachusetts"
millbury,"Millbury, Massachusetts"
Millis,"Millis, Massachusetts"
MiltonMA,"Milton, Massachusetts"
Nantucket,"Nantucket, Massachusetts"
Natick,"Natick, Massachusetts"
newbedford,"New Bedford, Massachusetts"
newburyport,"Newbury Port, Massachusetts"
newtonma,"Newton, Massachusetts"
NorthAdams,"North Adams, Massachusetts"
01535,"North Brookfield (01535), Massachusetts"
northshore,"North Shore, Massachusetts"
northampton,"Northampton, Massachusetts"
NorthamptonMA,"Northampton MA, Massachusetts"
norwood,"Norwood, Massachusetts"
peabodyma,"Peabody, Massachusetts"
01960,"Peabody (01960), Massachusetts"
pioneervalley,"Pioneer Valley, Massachusetts"
happyvalley,"Pioneer Valley (Happy Valley), Massachusetts"
PittsfieldMass,"Pittsfield, Massachusetts"
plymouthma,"Plymouth, Massachusetts"
quinceyma,"Quincy, Massachusetts"
ReadingMA,"Reading, Massachusetts"
rehobothma,"Rehoboth, Massachusetts"
roxbury,"Roxbury, Massachusetts"
SalemMA,"Salem, Massachusetts"
Saugus,"Saugus, Massachusetts"
SharonMA,"Sharon, Massachusetts"
SheffieldMa,"Sheffield, Massachusetts"
sherborn,"Sherborn, Massachusetts"
shrewsbury,"Shrewsbury, Massachusetts"
somerville,"Somerville, Massachusetts"
southcoast,"South Coast, Massachusetts"
south_hadley,"South Hadley, Massachusetts"
southshore,"South Shore, Massachusetts"
southbridge,"Southbridge, Massachusetts"
southwick,"Southwick, Massachusetts"
springfield,"Springfield, Massachusetts"
stoneham,"Stoneham, Massachusetts"
stoughton,"Stoughton, Massachusetts"
taunton,"Taunton, Massachusetts"
tauntonma,"Taunton, Massachusetts"
townsend,"Townsend, Massachusetts"
TurnersFalls,"Turners Falls, Massachusetts"
WakefieldMA,"Wakefield, Massachusetts"
Walpole,"Walpole, Massachusetts"
Waltham,"Waltham, Massachusetts"
watertown,"Watertown, Massachusetts"
wellesley,"Wellesley, Massachusetts"
WestSpringfield,"West Springfield, Massachusetts"
westernma,"Western MA, Massachusetts"
413,"Western MA (413), Massachusetts"
wmass,"Western Mass (WMASS), Massachusetts"
westernmass,"Western Massachusetts, Massachusetts"
Western_Mass,"Western_Mass, Massachusetts"
WestfieldMA,"Westfield, Massachusetts"
weston,"Weston, Massachusetts"
Whitinsville,"Whitinsville, Massachusetts"
Williamstown,"Williamstown, Massachusetts"
WinchesterMass,"Winchester, Massachusetts"
woburn,"Woburn, Massachusetts"
worcesterma,"Worcester, Massachusetts"
Wrentham,"Wrentham, Massachusetts"
michigan,Michigan
allendale,"Allendale, Michigan"
almont,"Almont, Michigan"
alpena,"Alpena, Michigan"
annarbor,"Ann Arbor, Michigan"
battlecreek,"Battle Creek, Michigan"
cerealcity,"Battle Creek (CerealCity), Michigan"
BayCityMichigan,"Bay City, Michigan"
bentonharbor,"Benton Harbor, Michigan"
birminghammi,"Birmingham, Michigan"
blanchard,"Blanchard, Michigan"
BloomfieldHills,"Bloomfield Hills, Michigan"
charlevoix,"Charlevoix, Michigan"
Coopersville,"Coopersville, Michigan"
davison,"Davison, Michigan"
detroit,"Detroit, Michigan"
metrodetroit,"Detroit, Metro, Michigan"
dewitt,"DeWitt, Michigan"
downriver,"Downriver Area, Michigan"
durand,"Durand, Michigan"
eastlansing,"East Lansing, Michigan"
Escanaba,"Escanaba, Michigan"
FarmingtonHills,"Farmington Hills, Michigan"
Ferndale,"Ferndale, Michigan"
flint,"Flint, Michigan"
flintmi,"Flint MI, Michigan"
freeland,"Freeland, Michigan"
Fruitport,"Fruitport, Michigan"
GardenCityMI,"Garden City, Michigan"
Gladstone,"Gladstone, Michigan"
GrandHaven,"Grand Haven, Michigan"
GrandHavenMI,"Grand Haven MI, Michigan"
grandrapids,"Grand Rapids, Michigan"
grossepointe,"Grosse Pointe, Michigan"
hamtramck,"Hamtramck, Michigan"
harborsprings,"Harbor Springs, Michigan"
haslett,"Haslett, Michigan"
HesperiaMI,"Hesperia, Michigan"
hollandmichigan,"Holland, Michigan"
hollandmi,"Holland MI, Michigan"
houghton,"Houghton, Michigan"
howardcity,"Howard City, Michigan"
Hudsonville,"Hudsonville, Michigan"
IrishHills,"Irish Hills, Michigan"
ironmountain,"Iron Mountain, Michigan"
jacksonmi,"Jackson, Michigan"
kzoo,"Kalamazoo, Michigan"
kentcountymichigan,"Kent County, Michigan"
keweenaw,"Keweenaw, Michigan"
lakelinden,"Lake Linden, Michigan"
lansing,"Lansing, Michigan"
lapeer,"Lapeer, Michigan"
leelanau,"Leelanau, Michigan"
Lenawee,"Lenawee, Michigan"
livonia,"Livonia, Michigan"
lowell,"Lowell, Michigan"
Ludington,"Ludington, Michigan"
mackinac,"Mackinac, Michigan"
marinecity,"Marine City, Michigan"
MQT,"Marquette, Michigan"
MasonMI,"Mason, Michigan"
MeridianTwp,"Meridian Township, Michigan"
mesickmi,"Mesick, Michigan"
Midland,"Midland, Michigan"
midland_mi,"Midland MI, Michigan"
milfordmi,"Milford, Michigan"
MonroeMI,"Monroe, Michigan"
Montague,"Montague, Michigan"
mtbrighton,"Mt. Brighton, Michigan"
mtpleasantmi,"Mt. Pleasant, Michigan"
muskegon,"Muskegon, Michigan"
NewBaltimore,"New Baltimore, Michigan"
NewaygoCounty,"Newaygo County, Michigan"
Northville,"Northville, Michigan"
oaklandcounty,"Oakland County, Michigan"
okemos,"Okemos, Michigan"
owosso,"Owosso, Michigan"
ParmaMI,"Parma, Michigan"
petoskey,"Petoskey, Michigan"
PlymouthMI,"Plymouth, Michigan"
pontiacmi,"Pontiac, Michigan"
posen,"Posen, Michigan"
rochesterhills,"Rochester Hills, Michigan"
romeomi,"Romeo, Michigan"
royaloak,"Royal Oak, Michigan"
saginaw,"Saginaw, Michigan"
SaginawBay,"Saginaw Bay, Michigan"
SaginawMichigan,"Saginaw MI, Michigan"
saintclairshores,"Saint Clair Shores, Michigan"
shelbytwp,"Shelby, Michigan"
SouthBend,"South Bend, Michigan"
southwestmichigan,"Southwest Michigan, Michigan"
stclairshores,"St. Clair Shores, Michigan"
St_Joseph,"St. Joseph, Michigan"
swmich,"SW Michigan, Michigan"
swartzcreek,"Swartz Creek, Michigan"
traversecity,"Traverse City, Michigan"
uppermichigan,"Upper Michigan, Michigan"
UPmichigan,"Upper Peninsula, Michigan"
washtenawannarbor,"Washtenaw, Michigan"
westmi,"West Michigan, Michigan"
westernlowermichigan,"Western Lower Michigan, Michigan"
WhiteLake,"White Lake, Michigan"
Whitehall,"Whitehall, Michigan"
Woodhaven,"Woodhaven, Michigan"
woodhavenmi,"Woodhaven MI, Michigan"
wyomingmi,"Wyoming, Michigan"
yooper,"Yooper, Michigan"
ypsilanti,"Ypsilanti, Michigan"
ypsi,"Ypsilanti (YPSI), Michigan"
minnesota,Minnesota
alexandriamn,"Alexandria, Minnesota"
anoka,"Anoka, Minnesota"
applevalley,"Apple Valley, Minnesota"
armatage,"Armatage, Minnesota"
bemidji,"Bemidji, Minnesota"
bloomingtonmn,"Bloomington, Minnesota"
brainerd,"Brainerd, Minnesota"
buffalominnesota,"Buffalo, Minnesota"
burnsvillemn,"Burnsville, Minnesota"
cambridgeminnesota,"Cambridge, Minnesota"
carvercounty,"Carver County, Minnesota"
chanhassen,"Chanhassen, Minnesota"
chaska,"Chaska, Minnesota"
coonrapids,"Coon Rapids, Minnesota"
cottagegrove,"Cottage Grove, Minnesota"
duluth,"Duluth, Minnesota"
eaganmn,"Eagan, Minnesota"
eastbethelmn,"East Bethel, Minnesota"
edenprairie,"Eden Prairie, Minnesota"
elkriver,"Elk River, Minnesota"
grandrapidsmn,"Grand Rapids, Minnesota"
hastingsmn,"Hastings, Minnesota"
hibbing,"Hibbing, Minnesota"
isantimn,"Isanti, Minnesota"
kassonmantorville,"Kasson and Mantorville, Minnesota"
mankato,"Mankato, Minnesota"
MapleGroveMN,"Maple Grove, Minnesota"
marshallmn,"Marshall, Minnesota"
minneapolis,"Minneapolis, Minnesota"
minnetonka,"Minnetonka, Minnesota"
FargoMoorhead,"Fargo-Moorhead, North Dakota"
morrismn,"Morris, Minnesota"
moundmn,"Mound, Minnesota"
moundsview,"Mounds View, Minnesota"
northfield,"Northfield, Minnesota"
owatonna,"Owatonna, Minnesota"
plymouthmn,"Plymouth, Minnesota"
redwingmn,"Red Wing, Minnesota"
richfield,"Richfield, Minnesota"
rochestermn,"Rochester, Minnesota"
rochesterminnesota,"Rochester MN, Minnesota"
rosemount,"Rosemount, Minnesota"
rosemountmn,"Rosemount MN, Minnesota"
saintpaul,"Saint Paul, Minnesota"
stpaul,"St. Paul, Minnesota"
stpaulpark,"St. Paul Park, Minnesota"
saintpeter,"Saint Peter, Minnesota"
shakopee,"Shakopee, Minnesota"
staples_minnesota,"Staples, Minnesota"
twincities,"Twin Cities, Minnesota"
twincitiessocial,"Twin Cities Social, Minnesota"
waconia,"Waconia, Minnesota"
willmar,"Willmar, Minnesota"
windommn,"Windom, Minnesota"
winona,"Winona, Minnesota"
woodburyminnesota,"Woodbury, Minnesota"
mississippi,Mississippi
amory,"Amory, Mississippi"
biloxi,"Biloxi, Mississippi"
clevelandms,"Cleveland, Mississippi"
edgewoodms,"Edgewood, Mississippi"
ellisville,"Ellisville, Mississippi"
hattiesburg,"Hattiesburg, Mississippi"
jacksonms,"Jackson, Mississippi"
longbeachmississippi,"Long Beach, Mississippi"
meridian,"Meridian, Mississippi"
natchez,"Natchez, Mississippi"
oceansprings,"Ocean Springs, Mississippi"
ptownms,"Petal, Mississippi"
philadelphiams,"Philadelphia, Mississippi"
pontotoc,"Pontotoc, Mississippi"
southaven,"Southaven, Mississippi"
Starkville,"Starkville, Mississippi"
tunica,"Tunica, Mississippi"
tupelo,"Tupelo, Mississippi"
TupeloMS,"Tupelo MS, Mississippi"
missouri,Missouri
alton,"Alton, Missouri"
bolivarmo,"Bolivar, Missouri"
bransonmo,"Branson, Missouri"
BunkerMissouri,"Bunker, Missouri"
ChillicotheMissouri,"Chillicothe, Missouri"
columbiamo,"Columbia, Missouri"
co_mo,"Columbia (Co_Mo), Missouri"
columbiamissouri,"Columbia MO, Missouri"
dextermo,"Dexter, Missouri"
FultonMo,"Fulton, Missouri"
jackson_missouri,"Jackson, Missouri"
jacksonmo,"Jackson MO, Missouri"
joplin,"Joplin, Missouri"
joplinmo,"Joplin MO, Missouri"
kirksville,"Kirksville, Missouri"
libertymo,"Liberty, Missouri"
Maryville,"Maryville, Missouri"
MidMo,"Middle Missouri, Missouri"
MissouriCity,"Missouri City, Missouri"
montgomerycountymo,"Montgomery County, Missouri"
newmadridcounty,"New Madrid County, Missouri"
nwmissouri,"Northwest Missouri, Missouri"
OakvilleSTL,"Oakville, Missouri"
ozarkmo,"Ozark, Missouri"
ozarks,"Ozarks, Missouri"
lakeoftheozarks,"Ozarks Lakes, Missouri"
PleasantHillMo,"Pleasant Hill, Missouri"
Rayville,"Rayville, Missouri"
rolla,"Rolla, Missouri"
sedalia,"Sedalia, Missouri"
springfieldmo,"Springfield, Missouri"
stcharlesmo,"St. Charles, Missouri"
stclairmo,"St. Clair, Missouri"
stjoemo,"St. Joseph, Missouri"
stlouis,"St. Louis, Missouri"
stlouiscounty,"St. Louis County, Missouri"
StLouisMO,"St. Louis MO, Missouri"
unionmo,"Union, Missouri"
washmo,"Washington, Missouri"
warrensburg,"Warrensburg, Missouri"
westplains,"West Plains, Missouri"
wildwoodmo,"Wildwood, Missouri"
willardmo,"Willard, Missouri"
montana,Montana
bigsky,"Big Sky, Montana"
billings,"Billings, Montana"
bitterroot,"Bitterroot Valley, Montana"
bozeman,"Bozeman, Montana"
butte,"Butte, Montana"
darbymt,"Darby, Montana"
glacier,"Glacier National Park, Montana"
GlacierPark,"Glacier Park, Montana"
greatfalls,"Great Falls, Montana"
havre,"Havre, Montana"
helena,"Helena, Montana"
kalispell,"Kalispell, Montana"
missoula,"Missoula, Montana"
ruralmt,"Rural Montana, Montana"
whitefish,"Whitefish, Montana"
nebraska,Nebraska
aurorane,"Aurora, Nebraska"
blair,"Blair, Nebraska"
douglascounty,"Douglas County, Nebraska"
fremontne,"Fremont, Nebraska"
hastingsne,"Hastings, Nebraska"
hastingsnebraska,"Hastings NE, Nebraska"
kearney,"Kearney, Nebraska"
KenesawNebraska,"Kenesaw, Nebraska"
lincoln,"Lincoln, Nebraska"
omaha,"Omaha, Nebraska"
Scottsbluffnebraska,"Scottsbluff, Nebraska"
Stromsburg,"Stromsburg, Nebraska"
WesternNebraska,"Western Nebraska, Nebraska"
nevada,Nevada
bouldercity,"Boulder City, Nevada"
carsoncity,"Carson City, Nevada"
crystalbay,"Crystal Bay, Nevada"
elko,"Elko, Nevada"
elyNV,"Ely, Nevada"
CityOfHenderson,"Henderson, Nevada"
inclinevillage,"Incline Village, Nevada"
lasvegas,"Las Vegas, Nevada"
vegas,"(Las) Vegas, Nevada"
LasVegasNevada,"Las Vegas NV, Nevada"
Mesquite,"Mesquite, Nevada"
reno,"Reno, Nevada"
RenoNV,"Reno NV, Nevada"
tahoe,"Tahoe, Nevada"
Winnemucca,"Winnemucca, Nevada"
zephyrcove,"Zephyr Cove, Nevada"
newhampshire,New Hampshire
concordnh,"Concord, New Hampshire"
conwaynh,"Conway, New Hampshire"
durhamnh,"Durham, New Hampshire"
etna,"Etna, New Hampshire"
keene,"Keene, New Hampshire"
winnipesaukee,"Lake Winnipesaukee, New Hampshire"
manchesternh,"Manchester, New Hampshire"
milfordnh,"Milford, New Hampshire"
nashua,"Nashua, New Hampshire"
PeterboroughNH,"Peterborough, New Hampshire"
Pittsfieldnh,"Pittsfield, New Hampshire"
portsmouthnh,"Portsmouth, New Hampshire"
rochesternh,"Rochester, New Hampshire"
salemnh,"Salem, New Hampshire"
seacoastnh,"Seacoast, New Hampshire"
tuckermanravine,"Tuckerman Ravine, New Hampshire"
watervillevalleynh,"Waterville Valley, New Hampshire"
newjersey,New Jersey
jersey,"Jersey, New Jersey"
acquackanonk,"Acquackanonk, New Jersey"
asburypark,"Asbury Park, New Jersey"
atlanticcity,"Atlantic City, New Jersey"
whitebrier,"Avalon, New Jersey"
BayonneNJ,"Bayonne, New Jersey"
Belmar,"Belmar, New Jersey"
bergencity,"Bergen City, New Jersey"
bernardsville,"Bernardsville, New Jersey"
Blairstown,"Blairstown, New Jersey"
blairstowne,"Blairstowne, New Jersey"
boonton,"Boonton, New Jersey"
BordentownNJ,"Bordentown, New Jersey"
Bridgeton,"Bridgeton, New Jersey"
caldwell,"Caldwell, New Jersey"
CamdenCountyNJ,"Camden County, New Jersey"
capemay,"Cape May, New Jersey"
Carlstadt,"Carlstadt, New Jersey"
centraljersey,"Central Jersey, New Jersey"
CherryHillNJ,"Cherry Hill, New Jersey"
clifton,"Clifton, New Jersey"
collingswood,"Collingswood, New Jersey"
Cranbury,"Cranbury, New Jersey"
Cresskill,"Cresskill, New Jersey"
eastbrunswick,"East Brunswick, New Jersey"
edisonnj,"Edison, New Jersey"
elmwoodpark,"Elmwood Park, New Jersey"
fairlawn,"Fair Lawn, New Jersey"
Flemington,"Flemington, New Jersey"
FortLee,"Fort Lee, New Jersey"
gibbsboro,"Gibbsboro, New Jersey"
gloucestercounty,"Gloucester County, New Jersey"
hackettstown,"Hackettstown, New Jersey"
haddonfield,"Haddonfield, New Jersey"
haddontownship,"Haddon Township, New Jersey"
hammonton,"Hammonton, New Jersey"
hazlet,"Hazlet, New Jersey"
hoboken,"Hoboken, New Jersey"
hudsoncounty,"Hudson County, New Jersey"
jerseycity,"Jersey City, New Jersey"
kearny,"Kearny, New Jersey"
livingston,"Livingston, New Jersey"
longbeachisland,"Long Beach Island, New Jersey"
marlton,"Marlton, New Jersey"
MaysLanding,"Mays Landing, New Jersey"
Metuchen,"Metuchen, New Jersey"
MiddlesexNJ,"Middlesex, New Jersey"
Millville,"Millville, New Jersey"
monmouthcounty,"Monmouth County, New Jersey"
Montclairnj,"Montclair NJ, New Jersey"
NJMontclair,"Montclair, New Jersey"
montgomerynj,"Montgomery, New Jersey"
morriscounty,"Morris County, New Jersey"
morristownnj,"Morristown, New Jersey"
mountainlakes,"Mountain Lakes, New Jersey"
newark,"Newark, New Jersey"
NewBrunswickNJ,"New Brunswick, New Jersey"
newmilfordnj,"New Milford, New Jersey"
NewProvidence,"New Providence, New Jersey"
northjersey,"North Jersey, New Jersey"
northernnewjersey,"Northern New Jersey, New Jersey"
OceanCityNewJersey,"Ocean City, New Jersey"
oceancitynj,"Ocean City NJ, New Jersey"
oceancounty,"Ocean County, New Jersey"
oceangrove,"Ocean Grove, New Jersey"
pennington,"Pennington, New Jersey"
pittsgrove,"Pittsgrove, New Jersey"
rahway,"Rahway, New Jersey"
ramseynj,"Ramsey, New Jersey"
redbank,"Red Bank, New Jersey"
Ringwood,"Ringwood, New Jersey"
Rutherfordnj,"Rutherford, New Jersey"
sayreville,"Sayreville, New Jersey"
SeaIsleCity,"Sea Isle City, New Jersey"
somersetnj,"Somerset County, New Jersey"
southjersey,"South Jersey, New Jersey"
609,"Southeastern & Central (609), New Jersey"
springfieldnj,"Springfield, New Jersey"
sussexcounty,"Sussex County, New Jersey"
tenafly,"Tenafly, New Jersey"
trentonnj,"Trenton, New Jersey"
Vineland,"Vineland, New Jersey"
washingtontwp,"Washington Township, New Jersey"
westorange,"West Orange, New Jersey"
newmexico,New Mexico
alamogordo,"Alamogordo, New Mexico"
albuquerque,"Albuquerque, New Mexico"
artesianm,"Artesia, New Mexico"
BloomfieldNM,"Bloomfield, New Mexico"
carlsbadnm,"Carlsbad, New Mexico"
ClovisNewMexico,"Clovis, New Mexico"
gallup,"Gallup, New Mexico"
gallupnm,"Gallup NM, New Mexico"
lascruces,"Las Cruces, NM, Texas"
losalamos,"Los Alamos, New Mexico"
lovington,"Lovington, New Mexico"
QuayCounty,"Quay County, New Mexico"
RoswellNM,"Roswell, New Mexico"
santafe,"Santa Fe, New Mexico"
silvercity,"Silver City, New Mexico"
newmex,"Southern New Mexico, New Mexico"
taos,"Taos, New Mexico"
Tucumcari,"Tucumcari, New Mexico"
newyork,New York
empirestate,"Empire State, New York"
adirondacks,"Adirondack Park, New York"
agloe,"Agloe, New York"
albany,"Albany, New York"
albany_newyork,"Albany NY, New York"
Allegany,"Allegany State Park, New York"
amsterdamny,"Amsterdam, New York"
astoria,"Astoria, New York"
AuburnNY,"Auburn, New York"
bayridge,"Bay Ridge, New York"
beacon,"Beacon, New York"
beaconny,"Beacon NY, New York"
binghamton,"Binghamton, New York"
binghamtonny,"Binghamton NY, New York"
brewster,"Brewster, New York"
bronx,"Bronx, New York"
bronxville,"Bronxville, New York"
brooklyn,"Brooklyn, New York"
buffalo,"Buffalo, New York"
bushwick,"Bushwick, New York"
cny,"Central New York, New York"
CentralPark,"Central Park, New York"
chappaquany,"Chappaqua, New York"
cherryvalley,"Cherry Valley, New York"
clarkstown,"Clarkstown, New York"
cobleskill,"Cobleskill, New York"
coneyisland,"Coney Island, New York"
cooperstownny,"Cooperstown, New York"
corning,"Corning, New York"
cortlandny,"Cortland, New York"
crownheights,"Crown Heights, New York"
eastaurora,"East Aurora, New York"
eastmeadow,"East Meadow, New York"
eastvillage,"East Village, New York"
elma,"Elma, New York"
elmiraNY,"Elmira, New York"
endicott,"Endicott, New York"
FlushingQueens,"Flushing, New York"
ForestHills,"Forest Hills, New York"
fortgreene,"Fort Greene, New York"
FranklinSquare,"Franklin Square, New York"
Genesee,"Genesee County, New York"
GenevaNY,"Geneva, New York"
glensfalls,"Glens Falls, New York"
GlensFallsNY,"Glens Falls NY, New York"
greatneck,"Great Neck, New York"
greaterbinghamton,"Greater Binghamton, New York"
greenwichvillage,"Greenwich Village, New York"
harlemusa,"Harlem, New York"
Hornell,"Hornell, New York"
HudsonNY,"Hudson, New York"
hudsonvalley,"Hudson Valley, New York"
hton,"Huntington, New York"
HuntingtonNY,"Huntington NY, New York"
ithaca,"Ithaca, New York"
jacksonheights,"Jackson Heights, New York"
jamestownny,"Jamestown, New York"
larchmont,"Larchmont, New York"
liverpool_ny,"Liverpool, New York"
lbny,"Long Beach, New York"
longbeachny,"Long Beach NY, New York"
longisland,"Long Island, New York"
lowereastside,"Lower East Side, New York"
mahopac,"Mahopac, New York"
maltany,"Malta, New York"
manhattan,"Manhattan, New York"
Massena,"Massena, New York"
mechanicville,"Mechanicville, New York"
millbrook,"Millbrook, New York"
Narrowsburg,"Narrowsburg, New York"
nassaucounty,"Nassau County, New York"
newhydepark,"New Hyde Park, New York"
nyc,"New York City, New York"
localnyc,"New York City, locals, New York"
uptownnyc,"New York City, Uptown, New York"
newburgh,"Newburgh, New York"
cityofnewburghny,"Newburgh NY, New York"
niagarafallsny,"Niagara Falls, New York"
niskayuna,"Niskayuna, New York"
northportny,"North Port, New York"
Ogdensburg,"Ogdensburg, New York"
olean,"Olean, New York"
ocny,"Orange County, New York"
orangecountyny,"Orange County NY, New York"
ossining,"Ossining, New York"
owego,"Owego, New York"
parkslope,"Park Slope, New York"
pelham,"Pelham, New York"
PhilmontNY,"Philmont, New York"
phoenixny,"Phoenix, New York"
plattsburgh,"Plattsburgh, New York"
12901,"Plattsburgh (12901), New York"
PortWashington,"Port Washington, New York"
queens,"Queens, New York"
Queensbury,"Queensbury, New York"
rhinebeck,"Rhinebeck, New York"
ridgewood,"Ridgewood, New York"
rochester,"Rochester, New York"
rockland,"Rockland County, New York"
rooseveltisland,"Roosevelt Island, New York"
ryeny,"Rye, New York"
Salamanca,"Salamanca, New York"
saratogasprings,"Saratoga Springs, New York"
scarsdale,"Scarsdale, New York"
schenectady,"Schenectady, New York"
schoharie,"Schoharie County, New York"
scottsville,"Scottsville, New York"
SouthWedge,"South Wedge, New York"
stanfordville,"Stanfordville, New York"
statenisland,"Staten Island, New York"
syracuse,"Syracuse, New York"
thehamptons,"The Hamptons, New York"
troy,"Troy, New York"
troyny,"Troy NY, New York"
upstate_new_york,"Upstate New York, New York"
utica,"Utica, New York"
vancortlandtpark,"Van Cortlandt Park, New York"
vestal,"Vestal, New York"
wantagh,"Wantagh, New York"
Warwick_NY,"Warwick, New York"
watertownny,"Watertown, New York"
websterny,"Webster, New York"
wellsvilleny,"Wellsville, New York"
westislip,"West Islip, New York"
westnewyork,"West New York, New York"
westchester,"Westchester County, New York"
wny,"Western New York, New York"
WhitePlainsNY,"White Plains, New York"
williamsburg,"Williamsburg, New York"
williamson,"Williamson, New York"
yonkers,"Yonkers, New York"
northcarolina,North Carolina
asheboro,"Asheboro, North Carolina"
asheville,"Asheville, North Carolina"
boone,"Boone, North Carolina"
brevard,"Brevard, North Carolina"
brysoncity,"Bryson City, North Carolina"
buncombe,"Buncombe County, North Carolina"
BurlingtonNC,"Burlington, North Carolina"
cabarruscounty,"Cabarrus County, North Carolina"
cary,"Cary, North Carolina"
chapelhill,"Chapel Hill, North Carolina"
charlotte,"Charlotte, North Carolina"
cherokeenc,"Cherokee, North Carolina"
concordnc,"Concord, North Carolina"
cornelius,"Cornelius, North Carolina"
creedmoor,"Creedmoor, North Carolina"
DentonNC,"Denton, North Carolina"
bullcity,"Durham, North Carolina"
edenton,"Edenton, North Carolina"
elizabethcity,"Elizabeth City, North Carolina"
fayettenam,"Fayetteville, North Carolina"
forestcity,"Forest City, North Carolina"
Fuquayvarina,"Fuquay Varina, North Carolina"
gastonia,"Gastonia, North Carolina"
goldsboronc,"Goldsboro, North Carolina"
gso,"Greensboro, North Carolina"
gvegas,"Greenville, North Carolina"
hampstead,"Hampstead, North Carolina"
HarrisburgNC,"Harrisburg, North Carolina"
hendersonville,"Hendersonville, North Carolina"
highpointnc,"High Point, North Carolina"
Hillsborough,"Hillsborough, North Carolina"
HollySpringsNC,"Holly Springs, North Carolina"
hopemills,"Hope Mills, North Carolina"
huntersville,"Huntersville, North Carolina"
IndianTrailNC,"Indian Trail, North Carolina"
jacksonvillenc,"Jacksonville, North Carolina"
lakegaston,"Lake Gaston, North Carolina"
lkn,"Lake Norman Area, North Carolina"
leland,"Leland, North Carolina"
Lenoir,"Lenoir, North Carolina"
lexingtonnc,"Lexington, North Carolina"
Mocksville,"Mocksville, North Carolina"
monroe,"Monroe, North Carolina"
morrisville,"Morrisville, North Carolina"
mountairy,"Mount Airy, North Carolina"
ocracoke,"Ocracoke Island, North Carolina"
obx,"Outer Banks, North Carolina"
pinehurst,"Pinehurst, North Carolina"
raleigh,"Raleigh, North Carolina"
rockinghamnc,"Rockingham, North Carolina"
rockinghamcountync,"Rockingham County, North Carolina"
rockymountnc,"Rocky Mount, North Carolina"
rutherfordton,"Rutherfordton, North Carolina"
SanfordNC,"Sanford, North Carolina"
shallotte,"Shallotte, North Carolina"
shelbyNC,"Shelby, North Carolina"
sneadsferry,"Sneads Ferry, North Carolina"
sprucepine,"Spruce Pine, North Carolina"
surfcity,"Surf City, North Carolina"
thomasville,"Thomasville, North Carolina"
topsail,"Topsail Island, North Carolina"
Triangle,"Triangle, North Carolina"
waxhaw,"Waxhaw, North Carolina"
Waynesville,"Waynesville, North Carolina"
wnc,"Western North Carolina, North Carolina"
wilmington,"Wilmington, North Carolina"
WilsonNC,"Wilson, North Carolina"
winstonsalem,"Winston-Salem, North Carolina"
zebulon,"Zebulon, North Carolina"
northdakota,North Dakota
Bathgate,"Bathgate, North Dakota"
bismarck,"Bismarck, North Dakota"
BismarckMandan,"Bismarck-Mandan, North Dakota"
beulah,"Beulah, North Dakota"
fargo,"Fargo, North Dakota"
grandforks,"Grand Forks, North Dakota"
GreaterGrandForks,"Greater Grand Forks, North Dakota"
hettinger,"Hettinger, North Dakota"
jamestownnd,"Jamestown, North Dakota"
mandan,"Mandan, North Dakota"
minot,"Minot, North Dakota"
Thompson_northdakota,"Thompson, North Dakota"
williston,"Williston, North Dakota"
ohio,Ohio
akron,"Akron, Ohio"
ashlandohio,"Ashland, Ohio"
athensohio,"Athens, Ohio"
beavercreekoh,"Beaver Creek, Ohio"
bellbrook,"Bellbrook, Ohio"
bgohio,"Bowling Green, Ohio"
Cambridge_Ohio,"Cambridge, Ohio"
canfield,"Canfield, Ohio"
canton,"Canton, Ohio"
carlisleohio,"Carlisle, Ohio"
carrolltonohio,"Carrollton, Ohio"
centerburg,"Centerburg, Ohio"
chagrinfalls,"Chagrin Falls, Ohio"
chardon,"Chardon, Ohio"
chillicothe,"Chillicothe, Ohio"
cincinnati,"Cincinnati, Ohio"
cleveland,"Cleveland, Ohio"
clintoncounty,"Clinton County, Ohio"
columbus,"Columbus, Ohio"
Cuyahoga,"Cuyahoga, Ohio"
cuyahogafalls,"Cuyahoga Falls, Ohio"
dayton,"Dayton, Ohio"
delawareoh,"Delaware, Ohio"
dublinohio,"Dublin, Ohio"
eastcanton,"East Canton, Ohio"
eaton,"Eaton, Ohio"
Elyria,"Elyria, Ohio"
fairborn,"Fairborn, Ohio"
Findlay,"Findlay, Ohio"
gahanna,"Gahanna, Ohio"
geauga,"Geauga County, Ohio"
Grandviewheightsohio,"Grandview Heights, Ohio"
gville,"Granville, Ohio"
Granvilleohio,"Granville OH, Ohio"
Greentown,"Greentown, Ohio"
hamilton_ohio,"Hamilton, Ohio"
hilliard,"Hilliard, Ohio"
howland,"Howland, Ohio"
hudsonoh,"Hudson, Ohio"
kent,"Kent, Ohio"
lakewood,"Lakewood, Ohio"
lancastero,"Lancaster, Ohio"
lewiscenter,"Lewis Center, Ohio"
lima,"Lima, Ohio"
LondonOhio,"London, Ohio"
Lorain,"Lorain, Ohio"
louisvilleohio,"Louisville, Ohio"
mahoningvalley,"Mahoning Valley, Ohio"
mansfield,"Mansfield, Ohio"
MariettaOH,"Marietta, Ohio"
massillon,"Massillon, Ohio"
44646,"Massillon (44646), Ohio"
maumee,"Maumee, Ohio"
MedinaOhio,"Medina, Ohio"
CityofMentor,"Mentor, Ohio"
mercercountyohio,"Mercer County, Ohio"
MiddletownOhio,"Middletown, Ohio"
Monroe_County,"Monroe County, Ohio"
morgancounty,"Morgan County, Ohio"
mountvernon,"Mt. Vernon, Ohio"
nerk,"Newark (Nerk), Ohio"
newarkohio,"Newark, Ohio"
neohio,"Northeast Ohio, Ohio"
NorthOlmsted,"North Olmsted, Ohio"
NorthRidgeville,"North Ridgeville, Ohio"
pataskala,"Pataskala, Ohio"
Pickerington,"Pickerington, Ohio"
portclinton,"Port Clinton, Ohio"
portagelakes,"Portage Lakes, Ohio"
ravenna,"Ravenna, Ohio"
reynoldsburg,"Reynoldsburg, Ohio"
Sandusky,"Sandusky, Ohio"
sheffieldlake,"Sheffield Lake, Ohio"
shelbyohio,"Shelby, Ohio"
solonoh,"Solon, Ohio"
southernohio,"Southern Ohio, Ohio"
springfieldoh,"Springfield, Ohio"
starkcounty,"Stark County, Ohio"
starkcountyOhio,"Stark County OH, Ohio"
Steubenville,"Steubenville, Ohio"
stow,"Stow, Ohio"
Sylvania,"Sylvania, Ohio"
tallmadge,"Tallmadge, Ohio"
toledo,"Toledo, Ohio"
tcounty,"Tuscarawas County, Ohio"
unioncounty,"Union County, Ohio"
vanwert,"Van Wert, Ohio"
wadsworthoh,"Wadsworth, Ohio"
WauseonOhio,"Wauseon, Ohio"
westcentralohio,"West Central Ohio, Ohio"
westerville,"Westerville, Ohio"
WilmingtonOH,"Wilmington, Ohio"
YellowSprings,"Yellow Springs, Ohio"
Youngstown,"Youngstown, Ohio"
zanesville,"Zanesville, Ohio"
oklahoma,Oklahoma
ardmore,"Ardmore, Oklahoma"
bville,"Bartlesville, Oklahoma"
beggs,"Beggs, Oklahoma"
choctawOK,"Choctaw, Oklahoma"
Claremore,"Claremore, Oklahoma"
DuncanOk,"Duncan, Oklahoma"
Edmond,"Edmond, Oklahoma"
EdmondOK,"Edmond OK, Oklahoma"
glenpool,"Glenpool, Oklahoma"
hominy,"Hominy, Oklahoma"
lawtonok,"Lawton, Oklahoma"
MooreOK,"Moore, Oklahoma"
mustangok,"Mustang OK, Oklahoma"
MustangOklahoma,"Mustang, Oklahoma"
muskogee,"Muskogee, Oklahoma"
normanok,"Norman, Oklahoma"
NWOK,"Northwest Oklahoma, Oklahoma"
okc,"Oklahoma City (OKC), Oklahoma"
oklahomacity,"Oklahoma City, Oklahoma"
owasso,"Owasso, Oklahoma"
tahlequah,"Tahlequah, Oklahoma"
tulsa,"Tulsa, Oklahoma"
oregon,Oregon
orygun,"Orygun, Oregon"
ashland,"Ashland, Oregon"
Astoria_Oregon,"Astoria, Oregon"
beaverton,"Beaverton, Oregon"
bend,"Bend, Oregon"
bendoregon,"Bend OR, Oregon"
Brookings,"Brookings, Oregon"
canbyoregon,"Canby, Oregon"
forestgrove,"Forest Grove, Oregon"
cannonbeach,"Cannon Beach, Oregon"
centraloregon,"Central Oregon, Oregon"
clackamas,"Clackamas County, Oregon"
CollinsBeach,"Collins Beach, Oregon"
corvallis,"Corvallis, Oregon"
CreswellOR,"Creswell, Oregon"
EasternOregon,"Eastern Oregon, Oregon"
estacada,"Estacada, Oregon"
eugene,"Eugene, Oregon"
grantspass,"Grants Pass, Oregon"
gresham,"Gresham, Oregon"
hillsboro,"Hillsboro, Oregon"
keizer,"Keizer, Oregon"
klamathfalls,"Klamath Falls, Oregon"
lanecountyoregon,"Lane County, Oregon"
lakeoswego,"Lake Oswego, Oregon"
medford,"Medford, Oregon"
mcminnville,"McMinnville, Oregon"
MtBachelor,"Mt. Bachelor, Oregon"
newberg,"Newberg, Oregon"
NewportOR,"Newport, Oregon"
oregoncity,"Oregon City, Oregon"
oregoncoast,"Oregon Coast, Oregon"
portland,"Portland, Oregon"
portlandoregon,"Portland OR, Oregon"
RedmondOR,"Redmond, Oregon"
roguevalley,"Rogue Valley, Oregon"
roseburg,"Roseburg, Oregon"
salem,"Salem, Oregon"
seaside,"Seaside, Oregon"
sherwoodoregon,"Sherwood, Oregon"
silverton,"Silverton, Oregon"
SouthernOregon,"Southern Oregon, Oregon"
SpringfieldOR,"Springfield, Oregon"
thedalles,"The Dalles, Oregon"
tigard,"Tigard, Oregon"
troutdale_oregon,"Troutdale, Oregon"
tualatin,"Tualatin, Oregon"
WestLinnOR,"West Linn, Oregon"
pennsylvania,Pennsylvania
KingAllentown,"Allentown, Pennsylvania"
AllwoodManor,"Allwood Manor, Pennsylvania"
altoona,"Altoona, Pennsylvania"
aston,"Aston, Pennsylvania"
BeaverPA,"Beaver, Pennsylvania"
BeaverCounty,"Beaver County, Pennsylvania"
berksco,"Berks County, Pennsylvania"
bethelpark,"Bethel Park, Pennsylvania"
bethlehem,"Bethlehem, Pennsylvania"
Bloomsburg,"Bloomsburg, Pennsylvania"
Bluemtn,"Blue Mountain, Pennsylvania"
buckscountypa,"Bucks County, Pennsylvania"
ButlerPA,"Butler, Pennsylvania"
carlisle,"Carlisle, Pennsylvania"
centralpa,"Central Pennsylvania, Pennsylvania"
chestercounty,"Chester County, Pennsylvania"
cheswick,"Cheswick, Pennsylvania"
conshohocken,"Conshohocken, Pennsylvania"
coudersport,"Coudersport, Pennsylvania"
delco,"Delaware County, Pennsylvania"
delawarecounty,"Delaware County PA, Pennsylvania"
dillsburg,"Dillsburg, Pennsylvania"
downingtown,"Downingtown, Pennsylvania"
DuBoisPA,"DuBois, Pennsylvania"
easternpa,"Eastern Pennsylvania, Pennsylvania"
Easton,"Easton, Pennsylvania"
Edinboro,"Edinboro, Pennsylvania"
ElkMountain,"Elk Mountain, Pennsylvania"
enola,"Enola, Pennsylvania"
erie,"Erie, Pennsylvania"
fawngrove,"Fawn Grove, Pennsylvania"
Gettysburg,"Gettysburg, Pennsylvania"
greensburg,"Greensburg, Pennsylvania"
hanoverpa,"Hanover, Pennsylvania"
harrisburg,"Harrisburg, Pennsylvania"
harrisburgpa,"Harrisburg PA, Pennsylvania"
hazleton,"Hazleton, Pennsylvania"
Hermitage,"Hermitage, Pennsylvania"
Hershey,"Hershey, Pennsylvania"
highspire,"Highspire, Pennsylvania"
honesdale,"Honesdale, Pennsylvania"
Horsham,"Horsham, Pennsylvania"
IndianaPA,"Indiana County, Pennsylvania"
johnstown,"Johnstown, Pennsylvania"
kingofprussia,"King of Prussia, Pennsylvania"
lancaster,"Lancaster, Pennsylvania"
LancasterPA,"Lancaster PA, Pennsylvania"
Lansdale,"Lansdale, Pennsylvania"
lehighvalley,"Lehigh Valley, Pennsylvania"
lehighvalleypa,"Lehigh Valley PA, Pennsylvania"
levittown,"Levittown, Pennsylvania"
lititz,"Lititz, Pennsylvania"
macungie,"Macungie, Pennsylvania"
manayunk,"Manayunk, Pennsylvania"
meadville,"Meadville, Pennsylvania"
Mechanicsburg,"Mechanicsburg, Pennsylvania"
mercercounty,"Mercer County, Pennsylvania"
montco,"Montgomery County, Pennsylvania"
montgomeryville,"Montgomeryville, Pennsylvania"
lebo,"Mt. Lebanon, Pennsylvania"
MtLebo,"Mt. Lebo(non), Pennsylvania"
murrysville,"Murrysville, Pennsylvania"
NewHopePA,"NewHope, Pennsylvania"
nepa,"Northeast Pennsylvania (NEPA), Pennsylvania"
nephilly,"Northeast Philly, Pennsylvania"
northeasternpa,"Northeastern Pennsylvania, Pennsylvania"
nwpa,"Northwest Pennsylvania(NWPA), Pennsylvania"
philadelphia,"Philadelphia, Pennsylvania"
phoenixville,"Phoenixville, Pennsylvania"
PikeCountyPA,"Pike County, Pennsylvania"
pittsburgh,"Pittsburgh, Pennsylvania"
poconos,"Poconos Region, Pennsylvania"
pottsville,"Pottsville, Pennsylvania"
ReadingPA,"Reading, Pennsylvania"
rhawnhurst,"Rhawnhurst, Pennsylvania"
Scranton,"Scranton, Pennsylvania"
shaler,"Shaler, Pennsylvania"
sharpsville,"Sharpsville, Pennsylvania"
shippensburg,"Shippensburg, Pennsylvania"
Springfielddelco,"Springfield Delco, Pennsylvania"
stroudsburg,"Stroudsburg, Pennsylvania"
towanda,"Towanda, Pennsylvania"
trevose,"Trevose, Pennsylvania"
upperstclair,"Upper St. Clair, Pennsylvania"
VenangoCountyPA,"Venango County, Pennsylvania"
WashingtonPA,"Washington, Pennsylvania"
westchesterpa,"West Chester, Pennsylvania"
westmifflin,"West Mifflin, Pennsylvania"
wexford,"Wexford, Pennsylvania"
WilkesBarre,"Wilkes-Barre, Pennsylvania"
williamsport,"Williamsport, Pennsylvania"
wynnewood,"Wynnewood, Pennsylvania"
Yardley,"Yardley, Pennsylvania"
yorkpa,"York, Pennsylvania"
YorkCountyPA,"York County, Pennsylvania"
rhodeisland,Rhode Island
BlockIsland,"Block Island, Rhode Island"
Eastgreenwich,"East Greenwich, Rhode Island"
kentcountyri,"Kent County, Rhode Island"
misquamicut,"Misquamicut, Rhode Island"
narragansett,"Narragansett, Rhode Island"
newport,"Newport, Rhode Island"
pawtucket,"Pawtucket, Rhode Island"
providence,"Providence, Rhode Island"
southcounty,"South County, Rhode Island"
southcarolina,South Carolina
AbbevilleSC,"Abbeville, South Carolina"
AndersonSC,"Anderson, South Carolina"
andersoncounty,"Anderson County, South Carolina"
beaufort,"Beaufort, South Carolina"
CalhounFalls,"Calhoun Falls, South Carolina"
charleston,"Charleston, South Carolina"
columbiasc,"Columbia, South Carolina"
danielisland,"Daniel Island, South Carolina"
easley,"Easley, South Carolina"
EdgefieldSC,"Edgefield, South Carolina"
florence,"Florence, South Carolina"
fortmillsc,"Fort Mill, South Carolina"
gtownsc,"Georgetown, South Carolina"
greenville,"Greenville, South Carolina"
greenwoodsc,"Greenwood, South Carolina"
Greer,"Greer, South Carolina"
hiltonhead,"Hilton Head, South Carolina"
kiawahisland,"Kiawah Island, South Carolina"
myrtlebeach,"Myrtle Beach, South Carolina"
newberry,"Newberry, South Carolina"
ninetysixsc,"Ninety Six, South Carolina"
oconeesc,"Oconee County, South Carolina"
pawleysisland,"Pawleys Island, South Carolina"
Rockhill,"Rockhill, South Carolina"
spartanburg,"Spartanburg, South Carolina"
spartanburgsc,"Spartanburg SC, South Carolina"
summervillesc,"Summerville, South Carolina"
upstatesc,"Upstate South Carolina, South Carolina"
wareshoals,"Ware Shoals, South Carolina"
southdakota,South Dakota
blackhills,"Black Hills, South Dakota"
TheBlackHills,"Black Hills, the, South Dakota"
madisonsd,"Madison, South Dakota"
mtrushmore,"Mount Rushmore, South Dakota"
pierre,"Pierre, South Dakota"
rapidcity,"Rapid City, South Dakota"
siouxfalls,"Sioux Falls, South Dakota"
tennessee,Tennessee
totallytennessee,"Totally Tennessee, Tennessee"
athenstn,"Athens TN, Tennessee"
athensunofficial,"Athens, Tennessee"
bartlett,"Bartlett, Tennessee"
baylortn,"Baylor, Tennessee"
chattanooga,"Chattanooga, Tennessee"
clarksville,"Clarksville, Tennessee"
clevelandtn,"Cleveland, Tennessee"
Collierville,"Collierville, Tennessee"
cookeville,"Cookeville, Tennessee"
crossville,"Crossville, Tennessee"
crossvilleTN,"Crossville TN, Tennessee"
DandridgeTN,"Dandridge, Tennessee"
fayettevilleTN,"Fayetteville, Tennessee"
franklintn,"Franklin, Tennessee"
gatlinburgtn,"Gatlinburg, Tennessee"
germantown,"Germantown, Tennessee"
GSMNP,"Great Smoky Mountain National Park, Tennessee"
hickmancountytn,"Hickman County, Tennessee"
kingstonsprings,"Kingston Springs, Tennessee"
knoxville,"Knoxville, Tennessee"
lenoircity,"Lenoir City, Tennessee"
livingston_tn,"Livingston, Tennessee"
ManchesterTN,"Manchester, Tennessee"
MaryvilleTN,"Maryville, Tennessee"
McminnvilleTN,"Mcminnville, Tennessee"
memphis,"Memphis, Tennessee"
middletn,"Middle Tennessee, Tennessee"
morristowntn,"Morristown, Tennessee"
murfreesboro,"Murfreesboro, Tennessee"
nashville,"Nashville, Tennessee"
nashvilletennessee,"Nashville TN, Tennessee"
powelltn,"Powell, Tennessee"
RockwoodTN,"Rockwood, Tennessee"
SavannahTN,"Savannah, Tennessee"
springhill,"Spring Hill, Tennessee"
tricities,"Tri-Cities, Tennessee"
westtn,"West Tennessee, Tennessee"
whitehousetn,"White House, Tennessee"
WilliamsonCountyTN,"Williamson County, Tennessee"
texas,Texas
abilenetexas,"Abilene, Texas"
dyess,"Abilene (dyess), Texas"
Allen,"Allen, Texas"
Allentx,"Allen TX, Texas"
amarillo,"Amarillo, Texas"
aransaspass,"Aransas Pass, Texas"
arlington,"Arlington, Texas"
arlingtontx,"Arlington TX, Texas"
atascocitatx,"Atascocita, Texas"
Austin,"Austin, Texas"
realaustin,"Austin (real), Texas"
austintexas,"Austin TX, Texas"
austinsanantonio,"Austin-San Antonio, Texas"
bastroptx,"Bastrop, Texas"
baycitytx,"Bay City, Texas"
baytown,"Baytown, Texas"
Beaumont,"Beaumont, Texas"
bedford,"Bedford, Texas"
BellCountyTX,"Bell County, Texas"
belton,"Belton, Texas"
benbrook,"Benbrook, Texas"
BigBendTX,"Big Bend National Park, Texas"
bocachica,"Boca Chica, Texas"
boerne,"Boerne, Texas"
boyd,"Boyd, Texas"
brazoriacounty,"Brazoria County, Texas"
Brownsville,"Brownsville, Texas"
Brownwood_Texas,"Brownwood, Texas"
bcstx,"Bryan College Station, Texas"
burleson,"Burleson, Texas"
CarrolltonTX,"Carrollton, Texas"
castroville,"Castroville, Texas"
cedarcreek,"Cedar Creek, Texas"
CedarPark,"Cedar Park, Texas"
clearlake,"Clearlake, Texas"
collegestation,"College Station, Texas"
CollinCounty,"Collin County, Texas"
commercetx,"Commerce, Texas"
Conroe,"Conroe, Texas"
copperascove,"Copperas Cove, Texas"
corpus,"Corpus (Christi), Texas"
corpuschristi,"Corpus Christi, Texas"
corsicanatx,"Corsicana, Texas"
cypresstx,"Cypress, Texas"
dallas,"Dallas, Texas"
deerpark,"Deer Park, Texas"
denton,"Denton, Texas"
easttexas,"East Texas, Texas"
easttx,"East TX, Texas"
east_texas,"East_Texas, Texas"
edinburg,"Edinburg, Texas"
elpaso,"El Paso, Texas"
ElginTx,"Elgin, Texas"
euless,"Euless, Texas"
flowermound,"Flower Mound, Texas"
forney,"Forney, Texas"
fortbend,"Fort Bend, Texas"
fortworth,"Fort Worth, Texas"
friendswood,"Friendswood, Texas"
frisco,"Frisco, Texas"
fulshear,"Fulshear, Texas"
galveston,"Galveston, Texas"
GarlandTX,"Garland, Texas"
georgetowntx,"Georgetown, Texas"
granbury,"Granbury, Texas"
Harlingen,"Harlingen, Texas"
heidenheimer,"Heidenheimer, Texas"
HighlandVillage,"Highland Village, Texas"
houston,"Houston, Texas"
huntcounty,"Hunt County, Texas"
huntsvilletx,"Huntsville, Texas"
hurst,"Hurst, Texas"
irvingtexas,"Irving, Texas"
jerseyvillage,"Jersey Village, Texas"
jollyville,"Jollyville, Texas"
karnescity,"Karnes City, Texas"
katytx,"Katy, Texas"
katy_texas,"Katy TX, Texas"
keller,"Keller, Texas"
Kennedale,"Kennedale, Texas"
Kingsville,"Kingsville, Texas"
kingwood,"Kingwood, Texas"
laketravis,"Lake Travis, Texas"
laredo,"Laredo, Texas"
cityoflaredo,"Laredo, city of, Texas"
leander,"Leander, Texas"
leandercedarpark,"Leander-Cedar Park, Texas"
lewisville,"Lewisville, Texas"
lockhart,"Lockhart, Texas"
longviewtexas,"Longview, Texas"
lubbock,"Lubbock, Texas"
lubbocktx,"Lubbock TX, Texas"
marblefalls,"Marble Falls, Texas"
mckinney,"McKinney, Texas"
MesquiteTX,"Mesquite, Texas"
midessa,"Midland Odessa, Texas"
mineralwells,"Mineral Wells, Texas"
Nacogdoches,"Nacogdoches, Texas"
Navasota,"Navasota, Texas"
northtexas,"North Texas, Texas"
oakcliff,"Oak Cliff, Texas"
OdessaTX,"Odessa, Texas"
PalestineTX,"Palestine, Texas"
paristexas,"Paris, Texas"
paristx,"Paris TX, Texas"
Pearland,"Pearland, Texas"
pflugerville,"Pflugerville, Texas"
plano,"Plano, Texas"
planotx,"Plano TX, Texas"
prosper,"Prosper, Texas"
richardson,"Richardson, Texas"
riograndevalley,"Rio Grande Valley, Texas"
riveroaks,"River Oaks, Texas"
roundrock,"Round Rock, Texas"
roundrocktexas,"Round Rock TX, Texas"
Rowlett,"Rowlett, Texas"
RoyseCity,"Royse City, Texas"
san_angelo,"San Angelo, Texas"
sanantonio,"San Antonio, Texas"
sanmarcos,"San Marcos, Texas"
sanger,"Sanger, Texas"
Schlitterbahn,"Schlitterbahn, Texas"
southtexas,"South Texas, Texas"
setx,"Southeast Texas, Texas"
Southlake,"Southlake, Texas"
SpringBranch,"Spring Branch, Texas"
stephenville,"Stephenville, Texas"
HillCountry,"Texas Hill Country, Texas"
thecolony,"The Colony, Texas"
valley956,"The Valley (956), Texas"
thewoodlands,"The Woodlands, Texas"
tylertx,"Tyler, Texas"
VTown,"Victoria, Texas"
waco,"Waco, Texas"
weatherford,"Weatherford, Texas"
westcentraltexas,"West Central Texas, Texas"
westtexas,"West Texas, Texas"
whitesettlement,"White Settlement, Texas"
wimberley,"Wimberley, Texas"
utah,Utah
CedarCity,"Cedar City, Utah"
eaglemountain,"Eagle Mountain, Utah"
kanab,"Kanab, Utah"
Logan,"Logan, Utah"
millcreek,"Mill Creek, Utah"
moab,"Moab, Utah"
northernutah,"Northern Utah, Utah"
ogden,"Ogden, Utah"
Orem,"Orem, Utah"
parkcity,"Park City, Utah"
provoutah,"Provo, Utah"
saltlakecity,"Salt Lake City, Utah"
Sandycity,"Sandy, Utah"
southernutah,"Southern Utah, Utah"
stgeorge,"St. George, Utah"
Tooele,"Tooele, Utah"
UtahValley,"Utah Valley, Utah"
ZionNationalPark,"Zion National Park, Utah"
ZionNP,"Zion NP, Utah"
vermont,Vermont
barre,"Barre, Vermont"
bellowsfalls,"Bellows Falls, Vermont"
burlington,"Burlington, Vermont"
burlingtonvt,"Burlington VT, Vermont"
btv,"Burlington (BTV), Vermont"
essexvt,"Essex, Vermont"
JerichoUnderhill,"Jericho-Underhill, Vermont"
killington,"Killington, Vermont"
montpelier,"Montpelier, Vermont"
quechee,"Quechee, Vermont"
rutlandvt,"Rutland, Vermont"
southburlington,"South Burlington, Vermont"
stalbansvt,"St. Albans, Vermont"
stjohnsbury,"St. Johnsbury, Vermont"
Stowe,"Stowe, Vermont"
winooski,"Winooski, Vermont"
virginia,Virginia
Alexandria_Virginia,"Alexandria, Virginia"
AlleghanyCo,"Alleghany County, Virginia"
blacksburg,"Blacksburg, Virginia"
bluemont,"Bluemont, Virginia"
BonAir,"Bon Air, Virginia"
buchanan,"Buchanan, Virginia"
charlottesville,"Charlottesville, Virginia"
chesapeake,"Chesapeake, Virginia"
ChesterfieldVA,"Chesterfield County, Virginia"
coastalvirginia,"Coastal Virginia, Virginia"
DickensonVA,"Dickenson County, Virginia"
fairfaxcounty,"Fairfax County, Virginia"
hamptonroads,"Hampton Roads, Virginia"
hanoverco,"Hanover County, Virginia"
harrisonburg,"Harrisonburg, Virginia"
HuntingtonVA,"Huntington, Virginia"
fredericksburg,"Fredericksburg, Virginia"
leesburg,"Leesburg, Virginia"
lexvegasva,"Lexington (Lexvegas), Virginia"
loudoun,"Loudon County, Virginia"
lurayva,"Luray, Virginia"
lynchburg,"Lynchburg, Virginia"
jamesriver,"James River, Virginia"
manassas,"Manassas, Virginia"
mechanicsvilleva,"Mechanicsville, Virginia"
merrifield,"Merrifield, Virginia"
montclairva,"Montclair, Virginia"
newkent,"New Kent County, Virginia"
nrv,"New River Valley, Virginia"
nova,"Northern Virginia (NOVA), Virginia"
boredinnova,"Northern Virginia (BoredInNova), Virginia"
northernva,"Northern Virginia, Virginia"
norfolk,"Norfolk, Virginia"
orangeva,"Orange County, Virginia"
powhatan,"Powhatan County, Virginia"
rappahannock,"Rappahannock County, Virginia"
rva,"Richmond, Virginia"
roanoke,"Roanoke, Virginia"
salemva,"Salem, Virginia"
shenandoah,"Shenandoah Valley, Virginia"
757,"Southeast Virginia (757), Virginia"
swva,"Southwest Virginia, Virginia"
Stafford,"Stafford, Virginia"
staunton,"Staunton, Virginia"
StauntonVA,"Staunton VA, Virginia"
virginiabeach,"Virginia Beach, Virginia"
waynesboro,"Waynesboro, Virginia"
williamsburgva,"Williamsburg, Virginia"
winchester,"Winchester, Virginia"
yorktown,"Yorktown, Virginia"
washington,Washington
CoastalWA,"Coastal Washington, Washington"
Anacortes,"Anacortes, Washington"
aberdeenwa,"Aberdeen, Washington"
auburnwa,"Auburn, Washington"
bainbridgeisland,"Bainbridge Island, Washington"
bellevue,"Bellevue, Washington"
bellevuewa,"Bellevue WA, Washington"
bellingham,"Bellingham, Washington"
bothell,"Bothell, Washington"
bremerton,"Bremerton, Washington"
burien,"Burien, Washington"
camaswashington,"Camas, Washington"
CapitolHillSea,"Capitol Hill, Washington"
CastleRockWa,"Castle Rock, Washington"
clallam,"Clallam County, Washington"
CovingtonWA,"Covington, Washington"
Duvall,"Duvall, Washington"
Duvall_Washington,"Duvall WA, Washington"
eastside,"Eastside, Washington"
Eatonville,"Eatonville, Washington"
Edmonds,"Edmonds, Washington"
everett,"Everett, Washington"
federalway,"Federal Way, Washington"
FerndaleWashington,"Ferndale, Washington"
forkswa,"Forks, Washington"
grandcoulee,"Grand Coulee, Washington"
graysharbor,"Grays Harbor, Washington"
Hockinson,"Hockinson, Washington"
Issaquah,"Issaquah, Washington"
kentwashington,"Kent, Washington"
kentwa,"Kent WA, Washington"
kingcounty,"King County, Washington"
kirkland,"Kirkland, Washington"
kitsap,"Kitsap, Washington"
kittitas,"Kittitas, Washington"
Lacey,"Lacey, Washington"
lakestevenswa,"Lake Stevens, Washington"
LangleyWA,"Langley, Washington"
lewiscounty,"Lewis County, Washington"
longview,"Longview, Washington"
longviewwa,"Longview WA, Washington"
lynnwood,"Lynnwood, Washington"
LynnwoodWA,"Lynnwood WA, Washington"
marysville,"Marysville, Washington"
mercerisland,"Mercer Island, Washington"
MountBaker,"Mt. Baker, Washington"
rainier,"Mt. Rainier, Washington"
northcascades,"North Cascades National Park, Washington"
oceanshores,"Ocean Shores, Washington"
OlympicNationalPark,"Olympic National Park, Washington"
Olympia,"Olympia, Washington"
olympicpeninsula,"Olympic Peninsula, Washington"
olympic_peninsula,"Olympic_Peninsula, Washington"
parkland,"Parkland, Washington"
pointroberts,"Point Roberts, Washington"
portangeles,"Port Angeles, Washington"
portorchard,"Port Orchard, Washington"
porttownsend,"Port Townsend, Washington"
poulsbo,"Poulsbo, Washington"
PuyallupWA,"Puyallup, Washington"
pugetsound,"Puget Sound, Washington"
redmond,"Redmond, Washington"
renton,"Renton, Washington"
renton_wa,"Renton WA, Washington"
Salkum,"Salkum, Washington"
sammamish,"Sammamish, Washington"
sanjuanislands,"San Juan Islands, Washington"
seatac,"Seattle Tacoma, Washington"
Seattle,"Seattle, Washington"
SeattleWA,"SeattleWA, Washington"
sheltonwa,"Shelton, Washington"
shoreline,"Shoreline, Washington"
skagitcounty,"Skagit County, Washington"
skagitvalley,"Skagit Valley, Washington"
skagit,"Skagit, Washington"
snohomish,"Snohomish, Washington"
SnohomishCounty,"Snohomish County, Washington"
snoqualmie,"Snoqualmie, Washington"
spokane,"Spokane, Washington"
Stanhood,"Stanwood, Washington"
stevenspass,"Stevens Pass, Washington"
Sumner,"Sumner, Washington"
tacoma,"Tacoma, Washington"
Tulalip,"Tulalip, Washington"
tukwila,"Tukwila, Washington"
tumwater,"Tumwater, Washington"
tricitieswa,"Tricities, Washington"
vancouverwa,"Vancouver, Washington"
Vancouver_wa,"Vancouver WA, Washington"
downtownvancouver,"Vancouver, Downtown, Washington"
vancouverwashington,"Vancouver Washington, Washington"
wallawalla,"Walla Walla, Washington"
wallawallawashington,"Walla Walla WA, Washington"
wenatchee,"Wenatchee, Washington"
whidbey,"Whidbey Island, Washington"
woodinville,"Woodinville, Washington"
yakima,"Yakima, Washington"
westvirginia,West Virginia
BeckleyOnReddit,"Beckley, West Virginia"
bomontwv,"Bomont, West Virginia"
CharlestonWV,"Charleston, West Virginia"
coalwood,"Coalwood, West Virginia"
easternpanhandle,"Eastern Panhandle, West Virginia"
elkinswv,"Elkins, West Virginia"
fairmont,"Fairmont, West Virginia"
hampshirecounty,"Hampshire County, West Virginia"
HuntingtonWV,"Huntington, West Virginia"
fairmontwv,"Fairmont, West Virginia"
martinsburg,"Martinsburg, West Virginia"
morgantownwv,"Morgantown, West Virginia"
parkersburg,"Parkersburg, West Virginia"
sissonville,"Sissonville, West Virginia"
snowshoemountain,"Snowshoe Mountain, West Virginia"
WestonWV,"Weston, West Virginia"
WheelingWV,"Wheeling, West Virginia"
Wisconsin,Wisconsin
antigo,"Antigo, Wisconsin"
appleton,"Appleton, Wisconsin"
bayview,"Bayview, Wisconsin"
beloitwisconsin,"Beloit, Wisconsin"
Brillion,"Brillion, Wisconsin"
Chequamegon_Bay_WI,"Chequamegon Bay, Wisconsin"
Delafield,"Delafield, Wisconsin"
delavan,"Delavan, Wisconsin"
doorcounty,"Door County, Wisconsin"
eauclaire,"Eau Claire, Wisconsin"
eau_claire,"Eau_Claire, Wisconsin"
ec_wisc,"Eau Claire WI, Wisconsin"
fonddulac,"Fond du Lac, Wisconsin"
foxcities,"Fox Cities, Wisconsin"
foxvalleywi,"Fox Valley, Wisconsin"
germantownwisconsin,"Germantown, Wisconsin"
greenbay,"Green Bay, Wisconsin"
smalltowngreendale,"Greendale, Wisconsin"
hortonville,"Hortonville, Wisconsin"
Janesville,"Janesville, Wisconsin"
kenosha,"Kenosha, Wisconsin"
lacrossewi,"La Crosse, Wisconsin"
madisonwi,"Madison, Wisconsin"
Manitowoc,"Manitowoc, Wisconsin"
medfordwi,"Medford, Wisconsin"
menomoneefalls,"Menomonee Falls, Wisconsin"
mequon,"Mequon, Wisconsin"
Milwaukee,"Milwaukee, Wisconsin"
middletonwi,"Middleton, Wisconsin"
northernwi,"Northern Wisconsin, Wisconsin"
Oakfield,"Oakfield, Wisconsin"
oregonwi,"Oregon, Wisconsin"
oshkosh,"Oshkosh, Wisconsin"
racinewi,"Racine, Wisconsin"
riverfallswi,"River Falls, Wisconsin"
riverwest,"Riverwest, Wisconsin"
rockdalewi,"Rockdale, Wisconsin"
sheboygan,"Sheboygan, Wisconsin"
swwisconsin,"Southwest Wisconsin, Wisconsin"
SpartaWI,"Sparta, Wisconsin"
stevenspoint,"Stevens Point, Wisconsin"
VeronaWisconsin,"Verona, Wisconsin"
waukesha,"Waukesha, Wisconsin"
waukeshawi,"Waukesha WI, Wisconsin"
waukeshacounty,"Waukesha County, Wisconsin"
waunakee,"Waunakee, Wisconsin"
wausau,"Wausau, Wisconsin"
westallis,"West Allis, Wisconsin"
westbend,"West Bend, Wisconsin"
WI_Boonies,"Wisconsin Boonies, Wisconsin"
Wyoming,Wyoming
casper,"Casper, Wyoming"
cheyenne,"Cheyenne, Wyoming"
Cody_WY,"Cody, Wyoming"
gillette,"Gillette, Wyoming"
grandtetons,"Grand Tetons National Park, Wyoming"
jacksonhole,"Jackson Hole, Wyoming"
laramie,"Laramie, Wyoming"
sheridanwyoming,"Sheridan, Wyoming"
StarValley,"Star Valley, Wyoming"
yellowstone,"Yellowstone National Park, Wyoming"
